CA2100514C	A	103	117	spiromethylene	FAMILY
CA2100514C	A	253	260	halogen	FAMILY
CA2100514C	A	27	34	steroid	FAMILY
CA2100514C	A	321	335	spiromethylene	FAMILY
CA2100514C	A	438	446	steroids	FAMILY
CA2100514C	T	0	26	17-spiromethylene steroids	FAMILY
CA2102780C	A	26	74	bis mono- and/or bicyclic aryl and/or heteroaryl	FAMILY
CA2102780C	A	407	455	bis mono- and/or bicyclic aryl and/or heteroaryl	FAMILY
CA2102780C	T	0	41	Bis mono-and bicyclic aryl and heteroaryl	FAMILY
CA2104399C	A	448	458	nucleoside	FAMILY
CA2106642C	A	25	36	carbazolone	FAMILY
CA2106642C	T	0	11	Carbazolone	FAMILY
CA2106819C	A	25	44	oligoribonucleotide	FAMILY
CA2106819C	T	0	19	Oligoribonucleotide	FAMILY
CA2120743C	A	14	43	acyclic phosphonomethoxyalkyl	FAMILY
CA2120743C	A	160	166	purine	FAMILY
CA2120743C	A	171	181	pyrimidine	FAMILY
CA2120743C	T	10	39	acyclic phosphonomethoxyalkyl	FAMILY
CA2142445C	A	135	140	amide	FAMILY
CA2143752C	A	300	309	aliphatic	FAMILY
CA2143752C	A	331	338	carbons	FAMILY
CA2143752C	A	385	392	halogen	FAMILY
CA2151377C	A	119	130	hydrocarbon	FAMILY
CA2151377C	A	138	147	arylalkyl	FAMILY
CA2151377C	A	149	153	aryl	FAMILY
CA2151377C	A	195	205	R11R12NCO-	FAMILY
CA2151377C	A	257	268	hydrocarbon	FAMILY
CA2151377C	A	296	307	hydrocarbon	FAMILY
CA2151377C	A	362	369	halogen	FAMILY
CA2151377C	A	371	376	alkyl	FAMILY
CA2151377C	A	378	384	alkoxy	FAMILY
CA2151377C	A	386	395	alkylthio	FAMILY
CA2151377C	A	406	420	alkylsulphonyl	FAMILY
CA2151377C	A	446	456	cycloalkyl	FAMILY
CA2151377C	A	458	473	cycloalkylalkyl	FAMILY
CA2151377C	A	521	526	alkyl	FAMILY
CA2151377C	A	571	582	carbocyclic	FAMILY
CA2151377C	A	629	640	hydrocarbon	FAMILY
CA2151377C	A	691	702	hydrocarbon	FAMILY
CA2151377C	A	783	791	alkylene	FAMILY
CA2151377C	A	942	949	alcohol	FAMILY
CA2151377C	T	0	17	Aminomethylindans	FAMILY
CA2151377C	T	20	31	benzofurans	FAMILY
CA2151377C	T	37	52	benzothiophenes	FAMILY
CA2154601C	A	175	192	proanthocyanidins	FAMILY
CA2154601C	A	424	433	coumarins	FAMILY
CA2154601C	A	44	53	coumarins	FAMILY
CA2154601C	A	464	481	proanthocyanidins	FAMILY
CA2154601C	T	24	33	coumarins	FAMILY
CA2161857C	T	0	13	Oxazolidinone	FAMILY
CA2163175C	A	1055	1070	C1-C8 haloalkyl	FAMILY
CA2163175C	A	1072	1089	C1-C8 alkoxyalkyl	FAMILY
CA2163175C	A	1091	1111	C1-C8 alkylthioalkyl	FAMILY
CA2163175C	A	1113	1131	C1-C8 hydroxyalkyl	FAMILY
CA2163175C	A	1133	1151	C1-C8 acyloxyalkyl	FAMILY
CA2163175C	A	1153	1172	C1-C8 aroyloxyalkyl	FAMILY
CA2163175C	A	1174	1190	C1-C8 aminoalkyl	FAMILY
CA2163175C	A	1192	1213	C1-C8 alkylaminoalkyl	FAMILY
CA2163175C	A	1215	1238	C1-C8 dialkylaminoalkyl	FAMILY
CA2163175C	A	122	129	halogen	FAMILY
CA2163175C	A	1240	1264	C1-C8 trialkylsilylalkyl	FAMILY
CA2163175C	A	1301	1306	alkyl	FAMILY
CA2163175C	A	131	142	C1-C4 alkyl	FAMILY
CA2163175C	A	1351	1368	C1-C6 alkylphenyl	FAMILY
CA2163175C	A	1370	1386	C7-C12 arylalkyl	FAMILY
CA2163175C	A	1388	1407	C7-C12 alkarylalkyl	FAMILY
CA2163175C	A	1412	1429	heterocyclylalkyl	FAMILY
CA2163175C	A	1443	1455	heterocyclic	FAMILY
CA2163175C	A	146	158	C1-C4 alkoxy	FAMILY
CA2163175C	A	1605	1609	halo	FAMILY
CA2163175C	A	176	183	halogen	FAMILY
CA2163175C	A	185	196	C1-C4 alkyl	FAMILY
CA2163175C	A	198	210	C1-C4 alkoxy	FAMILY
CA2163175C	A	212	228	C3-C4 alkenyloxy	FAMILY
CA2163175C	A	230	246	C3-C4 alkynyloxy	FAMILY
CA2163175C	A	297	312	C1-C4 alkylthio	FAMILY
CA2163175C	A	329	338	alkylthio	FAMILY
CA2163175C	A	376	387	C1-C4 alkyl	FAMILY
CA2163175C	A	397	410	C3-C6 alkenyl	FAMILY
CA2163175C	A	412	425	C3-C6 alkynyl	FAMILY
CA2163175C	A	427	442	C1-C8 haloalkyl	FAMILY
CA2163175C	A	444	461	C1-C8 alkoxyalkyl	FAMILY
CA2163175C	A	463	483	C1-C8 alkylthioalkyl	FAMILY
CA2163175C	A	485	503	C1-C8 hydroxyalkyl	FAMILY
CA2163175C	A	505	523	C1-C8 acyloxyalkyl	FAMILY
CA2163175C	A	525	544	C1-C8 aroyloxyalkyl	FAMILY
CA2163175C	A	546	564	C1-C8 carboxyalkyl	FAMILY
CA2163175C	A	566	589	C1-C8 alkylcarboxyalkyl	FAMILY
CA2163175C	A	591	614	C6-C12 arylcarboxyalkyl	FAMILY
CA2163175C	A	616	632	C1-C8 aminoalkyl	FAMILY
CA2163175C	A	634	655	C1-C8 alkylaminoalkyl	FAMILY
CA2163175C	A	657	680	C1-C8 dialkylaminoalkyl	FAMILY
CA2163175C	A	682	706	C1-C8 trialkylsilylalkyl	FAMILY
CA2163175C	A	743	748	alkyl	FAMILY
CA2163175C	A	793	809	C3-C8 cycloalkyl	FAMILY
CA2163175C	A	811	828	C1-C6 alkylphenyl	FAMILY
CA2163175C	A	830	846	C7-C12 arylalkyl	FAMILY
CA2163175C	A	848	867	C7-C12 alkarylalkyl	FAMILY
CA2163175C	A	872	889	heterocyclylalkyl	FAMILY
CA2163175C	A	903	915	heterocyclic	FAMILY
CA2163175C	T	11	19	aromatic	FAMILY
CA2163175C	T	32	38	oximes	FAMILY
CA2163175C	T	40	46	ethers	FAMILY
CA2163175C	T	51	61	thioethers	FAMILY
CA2168921C	A	31	63	1,6-naphthyridonecarboxylic acid	FAMILY
CA2168921C	T	0	32	1,6-naphthyridonecarboxylic acid	FAMILY
CA2169831C	A	129	137	aromatic	FAMILY
CA2171614C	A	268	279	sialic acid	FAMILY
CA2171614C	A	344	355	sialic acid	FAMILY
CA2171614C	T	38	49	sialic acid	FAMILY
CA2173116C	A	124	136	heterocyclic	FAMILY
CA2173116C	A	193	198	sugar	FAMILY
CA2173116C	A	70	88	purine nucleosides	FAMILY
CA2173116C	T	14	25	nucleosides	FAMILY
CA2173116C	T	30	41	nucleotides	FAMILY
CA2173876C	T	0	23	Alkoxy alkyl carbamates	FAMILY
CA2173876C	T	29	52	imidazo(1,2-a)pyridines	FAMILY
CA2176392C	A	96	111	phosphate ester	FAMILY
CA2176392C	T	7	21	2-amino purine	FAMILY
CA2176796C	T	12	39	benzyloxycarbonylguanidines	FAMILY
CA2179955C	A	193	195	Ar	FAMILY
CA2179955C	A	197	207	cycloalkyl	FAMILY
CA2179955C	A	230	247	cyclo- alkylalkyl	FAMILY
CA2179955C	A	275	277	Ar	FAMILY
CA2183620C	A	200	204	PLGA	FAMILY
CA2183620C	A	69	73	PLGA	FAMILY
CA2185397C	A	0	19	Arylalkyl diazinone	FAMILY
CA2185397C	T	0	20	Arylalkyl-diazinones	FAMILY
CA2188267C	A	164	172	R4a-CH2-	FAMILY
CA2188267C	A	208	229	(C1-C4)-alkylmercapto	FAMILY
CA2188267C	A	243	251	-NR11R12	FAMILY
CA2188267C	A	267	272	-OR13	FAMILY
CA2188267C	T	7	26	tetrahydropteridine	FAMILY
CA2189221C	A	12	28	sulfonimidamides	FAMILY
CA2189221C	A	135	151	Sulfonimidamides	FAMILY
CA2189221C	T	12	28	sulfonimidamides	FAMILY
CA2195663C	T	0	19	Dihydrobenzofuranes	FAMILY
CA2201477C	T	4	14	pyrimidone	FAMILY
CA2211982C	A	0	28	Indanylidineacetylguanidines	FAMILY
CA2211982C	T	12	40	indanylidineacetylguanidines	FAMILY
CA2217191C	A	675	682	alcohol	FAMILY
CA2217191C	T	51	63	phospholipid	FAMILY
CA2218553C	T	31	45	amylmetacresol	FAMILY
CA2220777C	T	6	18	heterocycles	FAMILY
CA2222964C	A	172	178	halide	FAMILY
CA2222964C	A	288	294	halide	FAMILY
CA2222964C	A	313	320	halides	FAMILY
CA2224369C	A	0	21	Aromatic acid diamide	FAMILY
CA2224369C	A	130	132	Ar	FAMILY
CA2224369C	A	268	279	C1-C4 alkyl	FAMILY
CA2224369C	A	281	293	C1-C4 alkoxy	FAMILY
CA2224369C	A	337	345	halogens	FAMILY
CA2224369C	T	0	22	Aromatic acid diamides	FAMILY
CA2224426C	A	71	81	fatty acid	FAMILY
CA2224426C	A	90	96	amides	FAMILY
CA2225822C	A	264	278	nitroimidazole	FAMILY
CA2228060C	T	0	9	Isoxazole	FAMILY
CA2228060C	T	14	25	crotonamide	FAMILY
CA2230960C	A	1040	1056	C3-C6 cycloalkyl	FAMILY
CA2230960C	A	1072	1078	alkoxy	FAMILY
CA2230960C	A	1088	1104	C1-C4 thioalkoxy	FAMILY
CA2230960C	A	1143	1147	aryl	FAMILY
CA2230960C	A	1192	1202	arylalkoxy	FAMILY
CA2230960C	A	1247	1257	alkylamino	FAMILY
CA2230960C	A	1276	1281	alkyl	FAMILY
CA2230960C	A	1586	1594	aromatic	FAMILY
CA2230960C	A	1634	1639	-NR8-	FAMILY
CA2230960C	A	1710	1716	alkoxy	FAMILY
CA2230960C	A	1726	1742	C1-C4 thioalkoxy	FAMILY
CA2230960C	A	1781	1788	aryloxy	FAMILY
CA2230960C	A	1804	1814	alkylamino	FAMILY
CA2230960C	A	209	220	C1-C8 alkyl	FAMILY
CA2230960C	A	260	276	C3-C6 cycloalkyl	FAMILY
CA2230960C	A	315	338	C2-C8 unsaturated alkyl	FAMILY
CA2230960C	A	349	355	ketone	FAMILY
CA2230960C	A	37	47	piperazine	FAMILY
CA2230960C	A	394	398	aryl	FAMILY
CA2230960C	A	437	449	C1-C4 alkoxy	FAMILY
CA2230960C	A	488	499	arylhydroxy	FAMILY
CA2230960C	A	599	604	thiol	FAMILY
CA2230960C	A	710	727	C1-C4 thio-alkoxy	FAMILY
CA2230960C	A	895	902	halogen	FAMILY
CA2230960C	A	970	975	alkyl	FAMILY
CA2230960C	A	985	1001	C1-C4 thio-alkyl	FAMILY
CA2230960C	T	0	10	Piperazine	FAMILY
CA2232880C	A	128	142	perfluoroalkyl	FAMILY
CA2232880C	A	194	213	(hydrocarbon)-alkyl	FAMILY
CA2232880C	T	17	24	alkanes	FAMILY
CA2240721C	A	114	119	sugar	FAMILY
CA2240721C	A	34	62	N-substituted methacrylamide	FAMILY
CA2240721C	A	66	76	acrylamide	FAMILY
CA2240721C	T	12	22	acrylamide	FAMILY
CA2242618C	A	241	244	PVP	FAMILY
CA2242618C	T	34	37	pvp	FAMILY
CA2244512C	A	267	276	flavonoid	FAMILY
CA2244512C	A	385	394	flavonoid	FAMILY
CA2244512C	A	68	77	flavonoid	FAMILY
CA2263798C	A	125	135	amino acid	FAMILY
CA2263798C	A	65	75	amino acid	FAMILY
CA2270177C	A	79	88	androgens	FAMILY
CA2270893C	A	105	113	retinoid	FAMILY
CA2270893C	A	128	136	retinoid	FAMILY
CA2270893C	A	95	103	retinoid	FAMILY
CA2270893C	T	0	39	N-aryl substituted tetrahydroquinolines	FAMILY
CA2270893C	T	52	60	retinoid	FAMILY
CA2275686C	T	0	16	Isoquinolinamine	FAMILY
CA2275686C	T	21	36	phthalazinamine	FAMILY
CA2276694C	A	173	180	alcohol	FAMILY
CA2276694C	A	182	187	ether	FAMILY
CA2276694C	A	211	216	thiol	FAMILY
CA2276694C	A	218	233	carboxylic acid	FAMILY
CA2276694C	A	390	395	RCOO-	FAMILY
CA2276694C	A	397	403	RCONH-	FAMILY
CA2276694C	A	405	410	RCOS-	FAMILY
CA2276694C	A	412	418	RCH2O-	FAMILY
CA2276694C	A	420	427	RCH2NH-	FAMILY
CA2276694C	A	429	437	-COOCH2R	FAMILY
CA2276694C	A	439	448	-CONHCH2R	FAMILY
CA2276694C	A	453	459	-SCH2R	FAMILY
CA2276694C	T	4	14	fatty acid	FAMILY
CA2282254C	A	0	15	Hydroxyazepanes	FAMILY
CA2282254C	A	128	134	Benzyl	FAMILY
CA2282254C	A	139	151	3,6-dibenzyl	FAMILY
CA2282254C	A	167	182	hydroxyazepanes	FAMILY
CA2282254C	A	362	381	tetrahydroxyazepane	FAMILY
CA2282254C	T	0	15	Hydroxyazepanes	FAMILY
CA2288726C	A	109	116	halogen	FAMILY
CA2291796C	A	126	135	vanilloid	FAMILY
CA2291796C	A	190	199	vanilloid	FAMILY
CA2291796C	A	251	260	vanilloid	FAMILY
CA2293714C	T	0	23	Benzpyrido cycloheptane	FAMILY
CA2294086C	A	202	213	amino acids	FAMILY
CA2295678C	T	0	8	Pyridine	FAMILY
CA2302445C	A	141	151	piperazino	FAMILY
CA2302445C	A	155	165	piperidino	FAMILY
CA2302445C	A	189	194	alkyl	FAMILY
CA2302445C	A	221	234	cycloalkyloxy	FAMILY
CA2302445C	A	269	282	trialkylsilyl	FAMILY
CA2302445C	A	28	34	taxane	FAMILY
CA2302445C	T	4	10	taxane	FAMILY
CA2304704C	A	478	488	disulfides	FAMILY
CA2308315C	A	101	106	alkyl	FAMILY
CA2308315C	A	168	172	aryl	FAMILY
CA2308315C	A	197	202	alkyl	FAMILY
CA2308315C	A	278	283	alkyl	FAMILY
CA2308315C	A	301	308	carbons	FAMILY
CA2308315C	A	369	374	alkyl	FAMILY
CA2308315C	A	436	440	aryl	FAMILY
CA2308315C	A	465	470	alkyl	FAMILY
CA2308315C	T	0	28	N,n'-bis(sulfonyl)hydrazines	FAMILY
CA2309256C	A	23	47	6-O-alkyl erythromycin A	FAMILY
CA2309256C	T	22	44	6-o-alkyl erythromycin	FAMILY
CA2310659C	A	428	439	amino acids	FAMILY
CA2318184C	A	173	175	Ar	FAMILY
CA2318184C	A	35	55	cyclopentenopyridine	FAMILY
CA2318184C	T	12	70	5-(2,2-difluoro-1,3-benzodioxol-5-yl) cyclopentenopyridine	FAMILY
CA2320288C	A	1160	1184	oligodeoxyribonucleotide	FAMILY
CA2320288C	A	284	308	oligodeoxyribonucleotide	FAMILY
CA2320288C	A	475	499	oligodeoxyribonucleotide	FAMILY
CA2320288C	A	49	73	oligodeoxyribonucleotide	FAMILY
CA2320288C	A	536	560	oligodeoxyribonucleotide	FAMILY
CA2320288C	A	692	716	oligodeoxyribonucleotide	FAMILY
CA2320288C	T	0	25	Oligodeoxyribonucleotides	FAMILY
CA2330128C	A	189	199	polyphenol	FAMILY
CA2330128C	A	301	310	vitamin E	FAMILY
CA2330128C	A	312	321	vitamin A	FAMILY
CA2336799C	A	195	213	polyorganosiloxane	FAMILY
CA2336799C	A	84	92	silicone	FAMILY
CA2339290C	A	178	188	amino acid	FAMILY
CA2339290C	A	272	287	hyaluronic acid	FAMILY
CA2339290C	T	49	60	amino acids	FAMILY
CA2341949C	A	47	57	pyridinium	FAMILY
CA2347981C	A	298	319	sulphinyl heterocycle	FAMILY
CA2347981C	A	654	675	sulphinyl heterocycle	FAMILY
CA2347981C	A	96	118	sulphinyl heterocycles	FAMILY
CA2353544C	A	237	253	oligosaccharides	FAMILY
CA2353544C	T	26	42	oligosaccharides	FAMILY
CA2357986C	A	64	70	2'-O-R	FAMILY
CA2357986C	A	72	82	2'-O-R-O-R	FAMILY
CA2357986C	A	84	90	3'-O-R	FAMILY
CA2357986C	A	96	106	3'-O-R-O-R	FAMILY
CA2359708C	T	0	8	Ketolide	FAMILY
CA2366186C	A	166	171	alkyl	FAMILY
CA2366186C	A	335	341	alkoxy	FAMILY
CA2366186C	A	349	354	alkyl	FAMILY
CA2366186C	A	358	364	alkoxy	FAMILY
CA2366186C	A	39	47	retinoid	FAMILY
CA2366186C	A	408	413	alkyl	FAMILY
CA2366186C	A	445	462	C5-12-hydrocarbon	FAMILY
CA2366186C	A	580	596	carboxylic acids	FAMILY
CA2366186C	A	624	632	retinoid	FAMILY
CA2366186C	A	730	736	esters	FAMILY
CA2366186C	T	0	8	Retinoid	FAMILY
CA2370201C	A	299	312	pentapeptides	FAMILY
CA2370201C	A	329	342	pentapeptides	FAMILY
CA2373183C	A	9	23	iminocyclitols	FAMILY
CA2373183C	T	0	13	Iminocyclitol	FAMILY
CA2373634C	A	0	16	Isophosphoramide	FAMILY
CA2373634C	T	0	16	Isophosphoramide	FAMILY
CA2375671C	A	101	108	halogen	FAMILY
CA2375671C	A	116	121	alkyl	FAMILY
CA2375671C	A	131	137	alkoxy	FAMILY
CA2375671C	A	212	219	halogen	FAMILY
CA2375671C	A	244	249	alkyl	FAMILY
CA2375671C	A	259	265	alkoxy	FAMILY
CA2375671C	A	326	331	alkyl	FAMILY
CA2375671C	A	345	350	alkyl	FAMILY
CA2375671C	A	358	364	alkoxy	FAMILY
CA2375671C	A	395	400	alkyl	FAMILY
CA2375671C	A	414	419	alkyl	FAMILY
CA2375671C	A	437	442	alkyl	FAMILY
CA2375671C	A	464	483	-(CH2)n-piperazinyl	FAMILY
CA2375671C	A	537	542	alkyl	FAMILY
CA2375671C	A	570	575	alkyl	FAMILY
CA2375671C	A	577	596	-(CH2)n-morpholinyl	FAMILY
CA2375671C	A	598	605	-(CH2)n	FAMILY
CA2375671C	A	620	640	-(CH2)n+1-imidazolyl	FAMILY
CA2375671C	A	648	662	alkyl-sulfanyl	FAMILY
CA2375671C	A	670	684	alkyl-sulfonyl	FAMILY
CA2375671C	A	699	718	"-NH-(CH2)n+1N(R4"")2"	FAMILY
CA2375671C	A	720	736	"-(CH2)n+1N(R4"")2"	FAMILY
CA2375671C	A	738	761	-O-(CH2)n+1-morpholinyl	FAMILY
CA2375671C	A	763	786	-O-(CH2)n+1-piperidinyl	FAMILY
CA2375671C	A	76	83	halogen	FAMILY
CA2375671C	A	790	808	"-O-(CH2)n+1N(R4"")2"	FAMILY
CA2375671C	A	843	848	alkyl	FAMILY
CA2375671C	A	870	882	"-C(O)N(R4"")-"	FAMILY
CA2375671C	A	886	898	"-N(R4"")C(O)-"	FAMILY
CA2375671C	T	0	19	4-phenyl-pyrimidine	FAMILY
CA2379557C	A	254	296	arylsulphonamide-substituted benzimidazole	FAMILY
CA2379557C	A	25	67	arylsulphonamide-substituted benzimidazole	FAMILY
CA2379557C	T	0	42	Arylsulphonamide-substituted benzimidazole	FAMILY
CA2382337C	A	397	404	phenols	FAMILY
CA2391297C	A	33	71	6-O-alkyl-2-nor-2-substituted ketolide	FAMILY
CA2391297C	T	0	38	6-o-alkyl-2-nor-2-substituted ketolide	FAMILY
CA2396151C	A	362	376	aminoglycoside	FAMILY
CA2396151C	A	394	406	tetracycline	FAMILY
CA2396151C	A	602	616	alkyl sulfates	FAMILY
CA2396151C	A	618	634	alkyl sulfonates	FAMILY
CA2396151C	A	636	654	alkylaryl sulfates	FAMILY
CA2396151C	A	656	676	dialkylaryl sulfates	FAMILY
CA2396151C	A	678	698	alkylaryl sulfonates	FAMILY
CA2396151C	A	700	722	dialkylaryl sulfonates	FAMILY
CA2396151C	A	724	743	cycloalkyl sulfates	FAMILY
CA2396151C	A	745	766	cycloalkyl sulfonates	FAMILY
CA2396151C	A	768	792	alkylcycloalkyl sulfates	FAMILY
CA2419877C	A	100	119	polyethylene glycol	FAMILY
CA2419877C	A	159	166	alkanol	FAMILY
CA2421548C	T	0	7	Amidine	FAMILY
CA2426625C	A	118	130	benzoquinone	FAMILY
CA2426625C	A	351	363	benzoquinone	FAMILY
CA2426625C	A	518	535	thiazolidinedione	FAMILY
CA2438270C	A	985	1000	oligosaccharide	FAMILY
CA2444244C	T	24	36	acylanilides	FAMILY
CA2448607C	A	295	298	PEG	FAMILY
CA2448607C	A	300	319	polyethylene glycol	FAMILY
CA2472449C	A	136	171	aminoalkyl methacrylate copolymer E	FAMILY
CA2472449C	A	579	614	aminoalkyl methacrylate copolymer E	FAMILY
CA2472449C	A	780	815	aminoalkyl methacrylate copolymer E	FAMILY
CA2508180C	A	0	21	Dimetalhydroxy malate	FAMILY
CA2508180C	T	0	22	Dimetalhydroxy malates	FAMILY
CA2529055C	A	0	11	Carotenoids	FAMILY
CA2529055C	A	163	176	phospholipids	FAMILY
CA2533117A1	A	382	393	tetracyclic	FAMILY
CA2533117A1	A	577	586	monoamine	FAMILY
CA2538729A1	A	114	124	morpholino	FAMILY
CA2538729A1	A	339	347	androgen	FAMILY
CA2538729A1	A	463	471	androgen	FAMILY
CA2538729A1	T	33	41	androgen	FAMILY
CA2577676A1	A	120	130	fatty acid	FAMILY
CA2577676A1	A	92	102	fatty acid	FAMILY
CA2582262A1	A	20	34	fatty alcohols	FAMILY
CA2582262A1	T	20	34	fatty alcohols	FAMILY
CA2587247A1	A	55	74	phosphatidyl serine	FAMILY
CA2587247A1	T	23	42	phosphatidyl serine	FAMILY
CA2590334A1	A	187	199	heterocyclic	FAMILY
CA2590334A1	T	17	37	[3.2.0] heterocyclic	FAMILY
CA2597798A1	A	129	139	C1-6 alkyl	FAMILY
CA2597798A1	A	174	179	alkyl	FAMILY
CA2602643C	A	316	323	sterols	FAMILY
CA2602643C	A	333	340	stanols	FAMILY
CA2602643C	A	365	377	procyanidins	FAMILY
CA2602643C	A	379	390	policosanol	FAMILY
CA2604392A1	A	101	128	quaternary ammonium halides	FAMILY
CA2604392A1	A	24	51	quaternary ammonium halides	FAMILY
CA2604392A1	T	0	27	Quaternary ammonium halides	FAMILY
CA2612595A1	A	108	128	geranygeranylacetone	FAMILY
CA2612595A1	A	166	178	paeoniflorin	FAMILY
CA2615127A1	A	436	443	halogen	FAMILY
CA2615127A1	A	629	639	CrC4 alkyl	FAMILY
CA2615127A1	A	649	660	C1-C4 alkyl	FAMILY
CA2615127A1	A	811	818	halogen	FAMILY
CA2615127A1	A	820	830	CrC4 alkyl	FAMILY
CA2615127A1	A	832	843	CrC4 alkoxy	FAMILY
CA2616222C	A	296	304	zeolites	FAMILY
CA2616222C	A	306	315	alkoxides	FAMILY
CA2616222C	A	329	344	tertiary amines	FAMILY
CA2616222C	T	101	110	dithienyl	FAMILY
CA2623733A1	A	222	232	amino acid	FAMILY
CA2647292A1	A	330	338	hydrates	FAMILY
CA2647292A1	A	386	421	thiazolyldihydrocyclopentapyrazoles	FAMILY
CA2647292A1	T	0	35	Thiazolyldihydrocyclopentapyrazoles	FAMILY
CA2652501C	A	104	108	aryl	FAMILY
CA2652501C	A	112	124	heterocyclic	FAMILY
CA2652501C	A	185	199	C2-C4 alkylene	FAMILY
CA2652501C	A	303	311	alkylene	FAMILY
CA2652501C	A	364	385	alicyclic hydrocarbon	FAMILY
CA2652501C	A	433	448	alicyclic amine	FAMILY
CA2652501C	T	6	18	heterocyclic	FAMILY
CA2657592A1	A	300	315	polyisobutylene	FAMILY
CA2657592A1	A	379	394	polyisobutylene	FAMILY
CA2659222C	A	243	283	.alpha., .beta. unsaturated aryl sulfone	FAMILY
CA2659222C	T	32	73	.alpha., .beta. unsaturated aryl sulfones	FAMILY
CA2667039A1	A	327	340	benzimidazole	FAMILY
CA2667039A1	A	70	83	benzimidazole	FAMILY
CA2667039A1	T	37	50	benzimidazole	FAMILY
CA2672190C	A	39	84	4-(Heterocyclyl)alkyl-N- (arylsulfonyl)indole	FAMILY
CA2672190C	T	0	45	4-(heterocyclyl)alkyl-n-(arylsulfonyl) indole	FAMILY
CA2687751A1	A	314	326	disaccharide	FAMILY
CA2687751A1	A	56	69	disaccharides	FAMILY
CA2687751A1	T	0	13	Disaccharides	FAMILY
CA2695844A1	A	157	163	folate	FAMILY
CA2695844A1	A	275	281	folate	FAMILY
CA2700263A1	A	53	59	cephem	FAMILY
CA2700263A1	T	32	38	cephem	FAMILY
CA2761068A1	A	660	670	clathrates	FAMILY
CA2764885A1	T	0	28	Dihydropyrrolonaphtyridinone	FAMILY
CA2777304A1	A	45	62	benzosulphonamide	FAMILY
CA2777304A1	T	12	30	benzosulphonamides	FAMILY
CA2777406A1	A	105	122	thiazolidinedione	FAMILY
CA2777406A1	A	167	184	thiazolidinedione	FAMILY
CA2777406A1	A	387	404	thiazolidinedione	FAMILY
CA2777406A1	T	0	17	Thiazolidinedione	FAMILY
CA2796068A1	A	65	89	poly-N-acetylglucosamine	FAMILY
CA2796068A1	T	31	55	poly-n-acetylglucosamine	FAMILY
CA2834341A1	A	198	225	polyunsaturated fatty acids	FAMILY
CA2835015A1	T	13	24	amino acids	FAMILY
CA2837759A1	A	207	221	thienopyridine	FAMILY
CA2837759A1	A	231	245	thienopyridine	FAMILY
CA2837759A1	A	70	78	ß-lactam	FAMILY
CN100579977C	T	40	48	triazole	FAMILY
CN100581558C	A	416	423	alcohol	FAMILY
CN100581558C	A	434	441	alcohol	FAMILY
CN100582235C	T	12	19	alcohol	FAMILY
CN100584851C	A	48	57	phosphate	FAMILY
CN100584851C	T	0	10	Phosphates	FAMILY
CN100584851C	T	14	32	secondary alcohols	FAMILY
CN100998603A	A	20	36	Se containing VC	FAMILY
CN100999470B	T	14	27	phenolic acid	FAMILY
CN101002774A	A	338	351	hydrochloride	FAMILY
CN101003513A	A	26	37	quinazoline	FAMILY
CN101003513A	A	306	317	quinazoline	FAMILY
CN101003513A	T	12	23	quinazoline	FAMILY
CN101007811A	T	22	35	cephalosporin	FAMILY
CN101016265A	A	243	253	nucleoside	FAMILY
CN101018793A	A	33	59	phosphorylated polyphenols	FAMILY
CN101018793A	A	517	525	phenolic	FAMILY
CN101018793A	T	0	26	Phosphorylated polyphenols	FAMILY
CN101019848B	A	59	66	citrate	FAMILY
CN101019851B	A	146	156	fatty acid	FAMILY
CN101019851B	A	38	48	fatty acid	FAMILY
CN101019851B	A	96	106	fatty acid	FAMILY
CN101019851B	T	13	23	fatty acid	FAMILY
CN101020062A	A	166	176	polyglycol	FAMILY
CN101020062A	A	279	289	polyglycol	FAMILY
CN101020062A	A	388	411	polyglycol-ursolic acid	FAMILY
CN101020062A	A	413	436	Polyglycol-ursolic acid	FAMILY
CN101020062A	A	44	54	polyglycol	FAMILY
CN101020062A	A	512	522	polyglycol	FAMILY
CN101020062A	A	654	664	polyglycol	FAMILY
CN101020062A	T	12	22	polyglycol	FAMILY
CN101020700A	A	289	298	porphyrin	FAMILY
CN101020700A	A	406	415	porphyrin	FAMILY
CN101023925A	A	477	483	purine	FAMILY
CN101023925A	A	606	621	polylactic acid	FAMILY
CN101023925A	A	641	656	polylactic acid	FAMILY
CN101024604B	A	31	46	dihydrochalcone	FAMILY
CN101024604B	A	452	467	dihydrochalcone	FAMILY
CN101024604B	T	6	21	dihydrochalcone	FAMILY
CN101032499A	T	24	35	triterpenes	FAMILY
CN101037391A	A	164	173	polyamine	FAMILY
CN101037391A	A	188	197	polyamine	FAMILY
CN101037391A	A	287	296	polyamine	FAMILY
CN101037391A	A	337	346	polyamine	FAMILY
CN101037391A	A	34	43	polyamine	FAMILY
CN101037391A	A	382	391	polyamine	FAMILY
CN101037391A	A	566	575	polyamine	FAMILY
CN101037391A	T	8	18	polyamines	FAMILY
CN101039902B	T	0	12	Aminoalcohol	FAMILY
CN101039914A	A	25	62	trifluoromethyl substituted benzamide	FAMILY
CN101039914A	T	0	37	Trifluoromethyl substituted benzamide	FAMILY
CN101040860A	A	193	204	terraazoles	FAMILY
CN101040860A	A	679	690	terraazoles	FAMILY
CN101040869A	A	196	206	amino acid	FAMILY
CN101040869A	A	245	264	selenious anhydride	FAMILY
CN101040869A	A	358	368	amino acid	FAMILY
CN101040869A	A	502	512	amino acid	FAMILY
CN101040869A	A	94	104	amino acid	FAMILY
CN101040869A	T	49	59	amino acid	FAMILY
CN101041074A	A	117	122	alkyl	FAMILY
CN101041074A	A	555	560	alkyl	FAMILY
CN101041074A	A	647	666	phosphate polyester	FAMILY
CN101041074A	A	670	682	p (LAEG-EOP)	FAMILY
CN101041074A	A	684	696	p (DAPG-EOP)	FAMILY
CN101041074A	A	705	714	polyester	FAMILY
CN101041074A	A	743	758	polylactic acid	FAMILY
CN101041074A	A	760	770	polyphenyl	FAMILY
CN101041074A	A	772	788	2-aliphatic acid	FAMILY
CN101041074A	A	790	812	sebacic acid polyester	FAMILY
CN101041074A	A	814	852	poly (erucic acid dimmer-sebacic acid)	FAMILY
CN101041074A	A	856	888	poly (fumaric acid-sebacic acid)	FAMILY
CN101045060A	A	141	155	glucocorticoid	FAMILY
CN101045060A	T	56	70	glucocorticoid	FAMILY
CN101045155A	A	584	598	17-alpha-alkyl	FAMILY
CN101045155A	A	611	623	testosterone	FAMILY
CN101045155A	A	941	949	androgen	FAMILY
CN101045155A	A	963	977	17-alpha-alkyl	FAMILY
CN101050179A	A	26	70	2, 3, 4, 5-tetrasubstituted phenyl propylene	FAMILY
CN101050179A	T	40	55	benzyl ethylene	FAMILY
CN101062049A	A	148	158	glycosides	FAMILY
CN101062049A	A	612	622	glycosides	FAMILY
CN101062049A	A	65	75	glycosides	FAMILY
CN101062118A	A	141	152	polyphenols	FAMILY
CN101062118A	A	226	237	phosphatide	FAMILY
CN101062936A	A	44	56	triterpenoid	FAMILY
CN101062936A	T	24	36	triterpenoid	FAMILY
CN101062937A	A	47	64	glycyrrhizic acid	FAMILY
CN101062937A	T	0	23	18alpha- liquorice acid	FAMILY
CN101073667A	A	111	121	amino acid	FAMILY
CN101074227B	A	153	174	5-membered heteroaryl	FAMILY
CN101074227B	A	44	55	quinazoline	FAMILY
CN101074227B	T	0	29	Phosphine acyloxy quinazoline	FAMILY
CN101074259A	A	2	9	saponin	FAMILY
CN101074259A	T	0	7	Saponin	FAMILY
CN101076520B	A	187	198	imidazoline	FAMILY
CN101076520B	A	330	341	imidazoline	FAMILY
CN101076520B	A	33	66	1,2,4-tri-substituted imidazoline	FAMILY
CN101076520B	T	0	11	Imidazoline	FAMILY
CN101081211A	A	62	71	quinolone	FAMILY
CN101084889B	A	381	386	sugar	FAMILY
CN101084906A	A	467	474	alkoxyl	FAMILY
CN101084906A	A	523	530	halogen	FAMILY
CN101084906A	A	561	569	aldehyde	FAMILY
CN101084906A	A	648	663	arylsulfonyloxy	FAMILY
CN101084906A	T	56	64	alkaloid	FAMILY
CN101092433A	T	0	102	Cis [( trans 1R, 2R 1,2 cyclohexane diamine) .(beta ¿C phenyl isosuccinic acid radical) platinum (ó )]	FAMILY
CN101095675A	A	113	123	amino acid	FAMILY
CN101098867B	T	12	21	sulfoxide	FAMILY
CN101104864B	A	134	147	epothilones B	FAMILY
CN101104864B	A	220	233	epothilones B	FAMILY
CN101104864B	A	315	328	epothilones B	FAMILY
CN101104864B	A	49	62	epothilones B	FAMILY
CN101104864B	T	21	34	epothilones B	FAMILY
CN101112364A	A	189	202	phospholipids	FAMILY
CN101112364A	A	298	311	phospholipids	FAMILY
CN101112366A	A	305	314	butyl PVM	FAMILY
CN101112366A	A	422	431	butyl PVM	FAMILY
CN101117340A	A	184	207	ruthenium-anthraquinone	FAMILY
CN101117340A	A	26	49	ruthenium-anthraquinone	FAMILY
CN101117340A	A	438	461	ruthenium-anthraquinone	FAMILY
CN101117340A	A	656	665	Ru(L)2Cl2	FAMILY
CN101117340A	A	798	819	ruthenium polypyridyl	FAMILY
CN101117340A	T	0	23	Ruthenium-anthraquinone	FAMILY
CN101125837B	A	205	221	carbon-glycoside	FAMILY
CN101125837B	A	27	43	carbon-glycoside	FAMILY
CN101125837B	A	94	110	carbon-glycoside	FAMILY
CN101125837B	T	0	12	C-glycosides	FAMILY
CN101129373A	A	180	207	isopropyl myristate-span 20	FAMILY
CN101129373A	A	209	217	tween 80	FAMILY
CN101129373A	A	312	339	isopropyl myristate-span 20	FAMILY
CN101129373A	A	341	349	tween 80	FAMILY
CN101129373A	A	449	456	span 20	FAMILY
CN101129373A	A	459	467	tween 80	FAMILY
CN101129373A	A	519	550	span 20-tween 80-1, 2 octglycol	FAMILY
CN101129522A	A	337	347	abomacetin	FAMILY
CN101130556A	A	137	163	cyclohexamethylene diamine	FAMILY
CN101130556A	T	11	29	diaminocyclohexane	FAMILY
CN101134029A	A	760	772	calcium ions	FAMILY
CN101138564A	A	103	111	alkaloid	FAMILY
CN101138564A	A	164	172	alkaloid	FAMILY
CN101138564A	A	293	301	alkaloid	FAMILY
CN101138564A	T	15	24	alkaloids	FAMILY
CN101143885A	A	1054	1068	glucocorticoid	FAMILY
CN101143885A	A	365	379	glucocorticoid	FAMILY
CN101143885A	A	453	467	glucocorticoid	FAMILY
CN101143885A	A	568	582	glucocorticoid	FAMILY
CN101143885A	A	584	606	Hydrophilic amino acid	FAMILY
CN101143885A	A	608	616	glycosyl	FAMILY
CN101143885A	A	67	82	Glucocorticoids	FAMILY
CN101143885A	A	693	707	glucocorticoid	FAMILY
CN101143885A	A	734	748	glucocorticoid	FAMILY
CN101143885A	A	922	936	glucocorticoid	FAMILY
CN101143885A	A	985	999	glucocorticoid	FAMILY
CN101143885A	T	0	15	Glucocorticoids	FAMILY
CN101157716B	A	131	174	A-freedelane-1, 3, 5(10), 7-tetraen-29-acid	FAMILY
CN101157716B	A	242	254	triterpenoid	FAMILY
CN101157716B	A	52	64	triterpenoid	FAMILY
CN101157716B	A	75	129	2-hydroxy-3-methyl-21-carbonyl-12, 24-di-carbon-drop-D	FAMILY
CN101157716B	T	25	37	triterpenoid	FAMILY
CN101166732A	A	146	159	cyanopyridine	FAMILY
CN101166732A	T	0	13	Cyanopyridine	FAMILY
CN101190914B	A	265	273	aldehyde	FAMILY
CN101194920B	A	354	362	alkannin	FAMILY
CN101198610B	A	738	751	hydrochloride	FAMILY
CN101199510B	A	362	374	phospholipid	FAMILY
CN101199514A	A	154	167	prostaglandin	FAMILY
CN101199514A	A	48	60	pyrrole acid	FAMILY
CN101199526A	A	305	314	vitamin A	FAMILY
CN101199526A	A	401	412	anthocyanin	FAMILY
CN101199610A	A	336	343	alcohol	FAMILY
CN101199624B	A	291	298	alcohol	FAMILY
CN101199857B	A	113	140	methoxy polyethylene glycol	FAMILY
CN101199857B	A	142	157	polylactic acid	FAMILY
CN101199857B	A	162	174	camptothecin	FAMILY
CN101199857B	A	188	200	mPEG-X-PLA-T	FAMILY
CN101199857B	A	212	216	mPEG	FAMILY
CN101199857B	A	227	254	methoxy polyethylene glycol	FAMILY
CN101199857B	A	311	314	PLA	FAMILY
CN101199857B	A	325	339	polylatic acid	FAMILY
CN101199857B	A	377	389	camptothecin	FAMILY
CN101199857B	A	484	499	Polylactic acid	FAMILY
CN101199857B	A	518	530	camptothecin	FAMILY
CN101199857B	A	551	556	ester	FAMILY
CN101199857B	T	15	19	mPEG	FAMILY
CN101199857B	T	20	23	PLA	FAMILY
CN101209264B	A	206	215	bufogenin	FAMILY
CN101209264B	A	32	41	bufogenin	FAMILY
CN101209264B	A	374	383	bufogenin	FAMILY
CN101209264B	A	766	775	bufogenin	FAMILY
CN101209264B	A	953	962	bufogenin	FAMILY
CN101209264B	T	17	25	lactones	FAMILY
CN101214220A	A	555	562	guanine	FAMILY
CN101214220A	A	607	615	alkaloid	FAMILY
CN101214220A	A	724	739	polylactic acid	FAMILY
CN101214220A	A	741	758	polyglycolic acid	FAMILY
CN101219110A	A	530	536	taxane	FAMILY
CN101219110A	A	615	630	polylactic acid	FAMILY
CN101219110A	A	632	649	polyglycolic acid	FAMILY
CN101219110A	A	703	715	Polifeprosan	FAMILY
CN101219110A	A	868	876	Tween 80	FAMILY
CN101219113A	A	617	632	polylactic acid	FAMILY
CN101219113A	A	653	683	monomethyl polyethylene glycol	FAMILY
CN101219113A	A	685	704	polyethylene glycol	FAMILY
CN101219113A	A	747	757	fatty acid	FAMILY
CN101219113A	A	783	816	poly (erucic dimer- sebacie acid)	FAMILY
CN101219113A	A	818	847	poly (fumarate- sebacie acid)	FAMILY
CN101219113A	A	849	861	Polifeprosan	FAMILY
CN101219144A	A	328	335	gactide	FAMILY
CN101219144A	A	337	341	PLGA	FAMILY
CN101220044A	A	83	111	thiazole [5, 4-b] pyrimidine	FAMILY
CN101224217A	A	243	248	sugar	FAMILY
CN101229294A	A	319	326	camphor	FAMILY
CN101235030A	A	27	74	1-substituted-5-trifluoromethyl-2-(1H) pyridine	FAMILY
CN101235030A	T	0	46	1-substituted-5-trifluoromethyl-2-(1H)pyridone	FAMILY
CN101235079A	A	133	143	amino acid	FAMILY
CN101235079A	A	293	303	amino acid	FAMILY
CN101239101A	A	253	260	alcohol	FAMILY
CN101239101A	A	47	52	ester	FAMILY
CN101239101A	A	515	522	alcohol	FAMILY
CN101239101A	A	668	673	ester	FAMILY
CN101239101A	A	753	758	ester	FAMILY
CN101239979A	A	169	181	heterocyclic	FAMILY
CN101239979A	A	26	38	heterocyclic	FAMILY
CN101239979A	A	390	416	L-amino acid benzyl esters	FAMILY
CN101239979A	A	452	500	carboline carboxylic -L-amino acid benzyl esters	FAMILY
CN101239979A	A	695	707	heterocyclic	FAMILY
CN101239979A	T	0	12	Heterocyclic	FAMILY
CN101249088A	A	690	698	estrogen	FAMILY
CN101249088A	T	38	60	flavanone methyl ether	FAMILY
CN101249161A	A	1074	1083	polyamide	FAMILY
CN101249161A	A	993	1002	polyamide	FAMILY
CN101250134B	A	229	268	N-aryl-beta-aromatic amine-propionamide	FAMILY
CN101250134B	A	287	326	N-aryl-beta-aromatic amine-propionamide	FAMILY
CN101250134B	A	80	119	N-aryl-beta-aromatic amine-propionamide	FAMILY
CN101250134B	T	0	37	N-aryl-beta-aryl amidine-propionamide	FAMILY
CN101252923B	A	162	176	polyacrylamide	FAMILY
CN101252923B	A	178	195	polyvinyl alcohol	FAMILY
CN101252923B	A	197	218	polyvinyl pyrrolidone	FAMILY
CN101260075B	A	25	43	aralkyl piperidine	FAMILY
CN101260075B	T	0	17	Aralkylpiperidine	FAMILY
CN101265237A	A	232	247	diaryl triazine	FAMILY
CN101265237A	A	391	406	diaryl triazine	FAMILY
CN101265237A	A	77	92	diaryl triazine	FAMILY
CN101265237A	T	0	14	Diaryltriazine	FAMILY
CN101265281A	A	148	164	ethylene diamine	FAMILY
CN101268075A	T	12	46	tetrahydro-1H-pyrido[4,3-B]indoles	FAMILY
CN101269222A	A	90	95	sugar	FAMILY
CN101269222A	A	96	103	alcohol	FAMILY
CN101273013A	A	25	36	sulfonamide	FAMILY
CN101273013A	A	328	338	carbocycle	FAMILY
CN101273013A	A	382	393	heterocycle	FAMILY
CN101273013A	A	414	432	aromaticcarbocycle	FAMILY
CN101273013A	A	492	500	halogeno	FAMILY
CN101273013A	A	539	547	alkyloxy	FAMILY
CN101273013A	A	584	592	halogeno	FAMILY
CN101273013A	A	652	657	alkyl	FAMILY
CN101273013A	A	904	915	heterocycle	FAMILY
CN101273013A	T	0	11	Sulfonamide	FAMILY
CN101275135A	A	149	164	oligonucleotide	FAMILY
CN101275135A	A	44	59	oligonucleotide	FAMILY
CN101275135A	A	447	462	oligonucleotide	FAMILY
CN101275135A	T	10	25	oligonucleotide	FAMILY
CN101278899A	A	207	221	aminoglycoside	FAMILY
CN101278902A	A	208	222	aminoglycoside	FAMILY
CN101278902A	A	490	493	PLA	FAMILY
CN101278902A	A	495	499	PLGA	FAMILY
CN101278964A	A	242	251	Vitamin E	FAMILY
CN101284071A	A	178	185	alcohol	FAMILY
CN101284861A	A	26	46	triterpenoid saponin	FAMILY
CN101284861A	T	0	20	Triterpenoid saponin	FAMILY
CN101288666A	A	808	816	estrogen	FAMILY
CN101288666A	A	904	912	estrogen	FAMILY
CN101289459A	A	141	153	heterocyclic	FAMILY
CN101289459A	A	79	92	cephalosporin	FAMILY
CN101289459A	T	0	13	Cephalosporin	FAMILY
CN101292952A	A	152	161	poloxamer	FAMILY
CN101292952A	A	440	449	poloxamer	FAMILY
CN101292961A	A	154	183	polylactic acid-glycolic acid	FAMILY
CN101292961A	A	194	198	PLGA	FAMILY
CN101292961A	A	393	410	polyvinyl alcohol	FAMILY
CN101292961A	A	62	77	polylactic acid	FAMILY
CN101292961A	A	684	688	PLGA	FAMILY
CN101292961A	T	34	49	polylactic acid	FAMILY
CN101293876A	A	115	128	benzoxazolone	FAMILY
CN101293876A	A	213	226	benzoxazolone	FAMILY
CN101293876A	A	414	430	fatty acid ester	FAMILY
CN101293876A	A	542	558	amino acid ester	FAMILY
CN101293876A	A	569	592	heterocyclic acid ester	FAMILY
CN101293876A	A	611	634	heterocyclic acid ester	FAMILY
CN101293876A	A	690	703	benzoxazolone	FAMILY
CN101293876A	T	0	19	Benzoxazole ketones	FAMILY
CN101300229A	A	252	275	monocyclic heterocyclic	FAMILY
CN101300229A	A	328	339	heterocycle	FAMILY
CN101300229A	A	365	388	monocyclic heterocyclic	FAMILY
CN101300229A	A	441	452	heterocycle	FAMILY
CN101300229A	A	518	528	C6-14 aryl	FAMILY
CN101300229A	A	752	757	alkyl	FAMILY
CN101300229A	A	782	789	halogen	FAMILY
CN101300229A	A	843	848	alkyl	FAMILY
CN101300229A	T	0	80	1-heterocyclylsulfonyl, 2-aminomethyl, 5- (hetero-) aryl substituted 1-h-pyrrole	FAMILY
CN101300235A	T	0	18	Diaminopyrimidines	FAMILY
CN101301471A	A	1012	1043	poly(boletic acid-sebacic acid)	FAMILY
CN101301471A	A	786	801	polyphosphonate	FAMILY
CN101301471A	A	817	828	p(LAEG-EOP)	FAMILY
CN101301471A	A	831	842	p(DAPG-EOP)	FAMILY
CN101301471A	A	844	847	PLA	FAMILY
CN101301471A	A	849	873	polyphosphonate with PLA	FAMILY
CN101301471A	A	875	887	polifeprosan	FAMILY
CN101301471A	A	907	917	fatty acid	FAMILY
CN101301471A	A	973	1007	erucic acid dipolymer-sebacic acid	FAMILY
CN101307050B	A	27	34	oxazole	FAMILY
CN101307050B	A	309	335	isoquinoline propiophenone	FAMILY
CN101307050B	A	397	409	isoquinoline	FAMILY
CN101307050B	A	437	443	ketone	FAMILY
CN101307050B	A	47	63	dihydro-pyrazole	FAMILY
CN101307050B	A	495	507	isoquinoline	FAMILY
CN101307050B	A	520	543	dihydro-pyrazole ketone	FAMILY
CN101307050B	A	560	565	oxime	FAMILY
CN101307050B	A	690	707	hydrogen pyrazole	FAMILY
CN101307050B	T	0	7	Oxazole	FAMILY
CN101307050B	T	20	35	dihydro pyrazol	FAMILY
CN101307050B	T	42	54	heterocyclic	FAMILY
CN101307063A	A	130	143	cephalosporin	FAMILY
CN101307063A	A	204	209	ester	FAMILY
CN101307063A	A	217	230	cephalosporin	FAMILY
CN101307063A	A	246	251	amide	FAMILY
CN101307063A	A	259	272	cephalosporin	FAMILY
CN101307063A	A	298	311	cephalosporin	FAMILY
CN101307063A	A	31	44	cephalosporin	FAMILY
CN101307063A	A	337	350	cephalosporin	FAMILY
CN101307063A	A	380	393	cephalosporin	FAMILY
CN101307063A	A	431	444	cephalosporin	FAMILY
CN101307063A	A	489	502	cephalosporin	FAMILY
CN101307063A	A	538	551	cephalosporin	FAMILY
CN101307063A	A	71	81	thioureido	FAMILY
CN101307063A	T	6	19	cephalosporin	FAMILY
CN101310710A	A	293	313	polyvinylpyrrolidone	FAMILY
CN101313897A	A	501	506	sugar	FAMILY
CN101313899B	A	333	346	prostaglandin	FAMILY
CN101316839B	T	22	37	dihydropyridine	FAMILY
CN101317852A	T	29	57	glycyrrhizic acid glycosides	FAMILY
CN101318946A	T	18	25	terpene	FAMILY
CN101322706A	A	158	166	alkaloid	FAMILY
CN101322706A	A	544	553	alkaloids	FAMILY
CN101326191B	A	161	170	phosphine	FAMILY
CN101326191B	A	171	187	transition metal	FAMILY
CN101326191B	A	21	30	phosphine	FAMILY
CN101326191B	A	278	286	alkylene	FAMILY
CN101326191B	A	296	305	phenylene	FAMILY
CN101326191B	A	31	47	transition metal	FAMILY
CN101326191B	A	426	438	heterocyclic	FAMILY
CN101326191B	A	487	507	trivalent phosphorus	FAMILY
CN101326191B	T	0	9	Phosphine	FAMILY
CN101326191B	T	10	26	transition metal	FAMILY
CN101336897A	A	507	513	ketone	FAMILY
CN101336900A	A	360	366	taxane	FAMILY
CN101336900A	A	374	380	taxane	FAMILY
CN101336900A	A	396	402	taxane	FAMILY
CN101336900A	A	54	60	taxane	FAMILY
CN101336900A	A	553	570	poly(lactic acid)	FAMILY
CN101336900A	A	572	604	polyactic acid-polyglycolic acid	FAMILY
CN101336900A	A	664	676	difatty acid	FAMILY
CN101336900A	T	51	57	taxane	FAMILY
CN101336911A	A	697	709	polifeprosan	FAMILY
CN101336911A	A	711	728	poly(lactic acid)	FAMILY
CN101336911A	A	759	796	poly(erucic acid dimmer-sebacic acid)	FAMILY
CN101336911A	A	801	832	poly(fumaric acid-sebacic acid)	FAMILY
CN101336916A	A	229	240	polyphenols	FAMILY
CN101336916A	A	47	58	polyphenols	FAMILY
CN101336916A	T	11	21	polyphenol	FAMILY
CN101337075B	A	142	161	polyethylene glycol	FAMILY
CN101337075B	A	71	90	polyethylene glycol	FAMILY
CN101337891B	A	114	129	butyl phthalide	FAMILY
CN101337891B	T	24	40	3-butylphthalide	FAMILY
CN101341124A	T	13	25	heterocycles	FAMILY
CN101343299A	A	186	195	flavonoid	FAMILY
CN101343299A	A	27	36	flavonoid	FAMILY
CN101347407A	A	1069	1082	cephalosporin	FAMILY
CN101347446A	A	103	110	saponin	FAMILY
CN101347446A	A	256	263	saponin	FAMILY
CN101347446A	T	76	83	saponin	FAMILY
CN101348477A	A	50	57	lactone	FAMILY
CN101348509A	A	1031	1055	2-aryl-6-aryl'-glucoside	FAMILY
CN101348509A	A	385	415	2- iodoglucose-1,6-inner ether	FAMILY
CN101348509A	A	38	62	2-aryl-6-aryl'-glucoside	FAMILY
CN101348509A	A	853	860	alcohol	FAMILY
CN101348509A	T	0	25	2-aryl-6-arylí»-glucoside	FAMILY
CN101348514A	A	46	53	saponin	FAMILY
CN101348514A	T	16	23	saponin	FAMILY
CN101352428B	A	195	200	ester	FAMILY
CN101356168A	T	0	12	Quinazolines	FAMILY
CN101361752A	A	130	141	polystyrene	FAMILY
CN101361752A	A	142	182	poly(styrene-alternative-sodium maleate)	FAMILY
CN101361752A	A	20	31	polystyrene	FAMILY
CN101361752A	A	32	72	poly(styrene-alternative-sodium maleate)	FAMILY
CN101361752A	A	363	374	polystyrene	FAMILY
CN101361752A	A	375	415	poly(styrene-alternative-sodium maleate)	FAMILY
CN101361752A	A	433	444	polystyrene	FAMILY
CN101361752A	A	445	485	poly(styrene-alternative-sodium maleate)	FAMILY
CN101361752A	A	546	557	polystyrene	FAMILY
CN101361752A	A	558	598	poly(styrene-alternative-sodium maleate)	FAMILY
CN101361752A	T	18	56	poly(styrene-alternate-sodium maleate)	FAMILY
CN101361752A	T	7	17	polystyrol	FAMILY
CN101362718A	A	264	280	halogenated base	FAMILY
CN101362718A	A	306	312	alkoxy	FAMILY
CN101362718A	A	350	366	halogenated base	FAMILY
CN101362718A	A	392	398	alkoxy	FAMILY
CN101362718A	A	41	103	4-(4-benzoyl amino-phenoxy)-2-(methyl ammonia formyl) pyridine	FAMILY
CN101362718A	A	436	452	halogenated base	FAMILY
CN101362718A	A	478	484	alkoxy	FAMILY
CN101362718A	T	0	52	4-(4-benzamido phenoxy)-2-(methylcarbamoyl) pyridine	FAMILY
CN101362736A	A	25	47	benzo sulfonamide CA-4	FAMILY
CN101362736A	A	272	304	N-tert butyl-benzene sulfonamide	FAMILY
CN101362736A	A	450	463	benzaldehydes	FAMILY
CN101362736A	A	545	552	alcohol	FAMILY
CN101362736A	A	568	575	alcohol	FAMILY
CN101362736A	T	0	24	Benzenesulfonamides Ca-4	FAMILY
CN101362737A	A	25	113	2-(4-substituted phenyl-1, 2, 3- thiadiazole-5- mercapto)-N-substituted phenyl acetamide	FAMILY
CN101362737A	T	0	86	2-(4-substituted phenyl-1,2,3-thiadiazole-5sulfhydryl)-N-substituted phenyl acetamides	FAMILY
CN101362763B	T	0	10	Carbapenem	FAMILY
CN101367806B	A	35	93	formanilide substituted sulfhydryl pyrrolidine carbapenems	FAMILY
CN101367806B	T	0	59	Formyl aniline substituted sulfhydryl pyrrolidine carbpenem	FAMILY
CN101367817B	A	281	286	ester	FAMILY
CN101367817B	A	85	95	carbapenem	FAMILY
CN101367817B	T	0	9	Carbpenem	FAMILY
CN101367822A	A	227	260	11-chlorinated dihydroartemisinin	FAMILY
CN101367822A	A	35	68	11-chlorinated dihydroartemisinin	FAMILY
CN101367822A	A	394	427	11-chlorinated dihydroartemisinin	FAMILY
CN101367822A	A	436	441	ester	FAMILY
CN101367822A	A	80	85	ester	FAMILY
CN101367822A	T	6	24	dihydro arteannuin	FAMILY
CN101371825A	A	455	471	polyacrylic acid	FAMILY
CN101371857A	A	124	134	triterpene	FAMILY
CN101376656A	T	0	5	Penem	FAMILY
CN101378757B	A	49	66	1,2,4-thiadiazole	FAMILY
CN101378757B	T	0	11	Thiadiazole	FAMILY
CN101380325A	A	179	190	artemisinin	FAMILY
CN101380325A	A	43	54	artemisinin	FAMILY
CN101380325A	A	518	529	artemisinin	FAMILY
CN101380325A	T	15	26	artemisinin	FAMILY
CN101385707A	A	1021	1052	poly(fumaric acid-sebacic acid)	FAMILY
CN101385707A	A	774	794	polyphosphate esters	FAMILY
CN101385707A	A	803	814	p(LAEG-EOP)	FAMILY
CN101385707A	A	816	827	p(DAPG-EOP)	FAMILY
CN101385707A	A	859	878	polyphosphate ester	FAMILY
CN101385707A	A	883	898	polylactic acid	FAMILY
CN101385707A	A	900	912	polifeprosan	FAMILY
CN101385707A	A	914	932	dienoic fatty acid	FAMILY
CN101385707A	A	980	1017	poly(erucic acid dimmer-sebacic acid)	FAMILY
CN101385741A	A	162	184	monosaccharide sulfate	FAMILY
CN101385741A	A	424	446	monosaccharide sulfate	FAMILY
CN101385857A	A	251	260	disulfide	FAMILY
CN101385857A	A	299	308	disulfide	FAMILY
CN101386590A	A	204	224	sulfonyl pyrrolidone	FAMILY
CN101386590A	A	25	36	pyrrolidone	FAMILY
CN101386590A	T	0	11	Pyrrolidone	FAMILY
CN101390855A	A	77	88	Beta-lactam	FAMILY
CN101400353A	A	37	72	5H-dibenz/b,f/azepine-5-carboxamide	FAMILY
CN101400353A	T	7	42	5H-dibenz/b,f/azepine-5-carboxamide	FAMILY
CN101401791A	A	199	211	phospholipid	FAMILY
CN101401791A	A	390	402	phospholipid	FAMILY
CN101401874A	A	690	695	sugar	FAMILY
CN101402632A	A	31	121	N-tert-butyl-N-substituted aroyl group-N'-(5-substituted aryl-2-furanylcarbonyl) hydrazine	FAMILY
CN101402632A	T	0	14	Aryl hydrazide	FAMILY
CN101406464A	A	364	369	ester	FAMILY
CN101407516A	A	25	37	camptothecin	FAMILY
CN101407516A	T	0	13	Camptothecine	FAMILY
CN101407558B	A	243	257	monosaccharide	FAMILY
CN101407558B	A	262	277	oligosaccharide	FAMILY
CN101411704A	A	25	68	pyrimidine substituted phenylpropionic acid	FAMILY
CN101411704A	T	7	50	pyrimidine-substituted phenylpropionic acid	FAMILY
CN101416947A	A	106	124	Alpha-ketonic acid	FAMILY
CN101416947A	A	227	245	Alpha-ketonic acid	FAMILY
CN101416947A	A	611	629	Alpha-ketonic acid	FAMILY
CN101416947A	A	700	718	Alpha-ketonic acid	FAMILY
CN101416947A	T	9	23	alpha-ketoacid	FAMILY
CN101418000A	A	617	622	sugar	FAMILY
CN101418000A	T	38	63	benzofuran sulfonyl ureas	FAMILY
CN101422458A	A	27	37	Epothilone	FAMILY
CN101422458A	A	86	96	Epothilone	FAMILY
CN101422458A	T	0	10	Epothilone	FAMILY
CN101428000A	A	183	191	glycerin	FAMILY
CN101444614B	A	257	266	vitamin B	FAMILY
CN101445528B	T	0	15	Sulpho-glucosan	FAMILY
CN101461624B	A	282	291	Vitamin E	FAMILY
CN101461624B	A	97	106	vitamin E	FAMILY
CN101461624B	T	61	70	vitamin E	FAMILY
CN101468950B	A	180	187	alcohol	FAMILY
CN101474171B	A	536	557	polyvinyl pyrrolidone	FAMILY
CN101474375B	A	304	319	oligosaccharide	FAMILY
CN101479238A	A	155	160	alkyl	FAMILY
CN101479238A	A	167	174	-S(O)n-	FAMILY
CN101479238A	A	231	236	alkyl	FAMILY
CN101479238A	A	264	269	alkyl	FAMILY
CN101479238A	A	282	290	alkylene	FAMILY
CN101479238A	A	298	308	alkenylene	FAMILY
CN101479238A	A	310	317	arylene	FAMILY
CN101479238A	A	319	332	cycloalkylene	FAMILY
CN101479238A	A	361	366	alkyl	FAMILY
CN101479238A	A	391	402	carbocyclyl	FAMILY
CN101479238A	A	427	439	heterocyclyl	FAMILY
CN101480453B	A	108	117	vitamin E	FAMILY
CN101480453B	A	139	165	vitamin C- polyphosphonate	FAMILY
CN101492426B	A	145	165	thiazole Schiff base	FAMILY
CN101492426B	A	24	44	thiazole Schiff base	FAMILY
CN101492426B	A	359	379	thiazole Schiff base	FAMILY
CN101492426B	A	612	632	thiazole Schiff base	FAMILY
CN101492426B	A	740	760	thiazole Schiff base	FAMILY
CN101492426B	T	0	20	Thiazole schiff base	FAMILY
CN101492464B	A	88	114	sulfhydryl imidazopyridine	FAMILY
CN101492464B	T	0	26	Sulfhydryl imidazopyridine	FAMILY
CN101500562B	T	0	39	Thieno[3,2-C]pyridine-7-carboxylic acid	FAMILY
CN101501023A	T	0	29	Phenyl substituted heteroaryl	FAMILY
CN101502668A	A	194	204	polyphenol	FAMILY
CN101502668A	A	244	254	polyphenol	FAMILY
CN101502668A	A	297	307	polyphenol	FAMILY
CN101502668A	A	414	424	polyphenol	FAMILY
CN101502668A	A	46	56	polyphenol	FAMILY
CN101502668A	T	0	10	Polyphenol	FAMILY
CN101511801A	A	35	43	Triazine	FAMILY
CN101511801A	T	0	8	Triazine	FAMILY
CN101513394A	A	140	149	vitamin A	FAMILY
CN101513394A	A	233	242	vitamin A	FAMILY
CN101513394A	A	263	272	vitamin A	FAMILY
CN101513394A	A	308	317	vitamin A	FAMILY
CN101513394A	A	663	672	vitamin A	FAMILY
CN101513394A	A	80	89	vitamin A	FAMILY
CN101513394A	A	853	862	vitamin A	FAMILY
CN101513394A	A	947	956	vitamin A	FAMILY
CN101513394A	T	54	63	vitamin A	FAMILY
CN101513407A	A	162	175	hydrochloride	FAMILY
CN101513407A	A	222	235	hydrochloride	FAMILY
CN101513407A	A	436	449	hydrochloride	FAMILY
CN101513407A	A	501	514	hydrochloride	FAMILY
CN101513407A	A	808	821	hydrochloride	FAMILY
CN101513407A	A	877	890	hydrochloride	FAMILY
CN101513530B	A	26	46	polyhydroxyalkanoate	FAMILY
CN101513530B	A	48	51	PHA	FAMILY
CN101513530B	T	0	20	Polyhydroxyalkanoate	FAMILY
CN101513530B	T	22	25	PHA	FAMILY
CN101519375A	A	225	232	halogen	FAMILY
CN101519375A	A	362	372	pyrazoline	FAMILY
CN101519392A	A	241	249	R1COO<->	FAMILY
CN101524340A	A	461	469	tween-80	FAMILY
CN101524340A	A	740	761	calcium polyenic acid	FAMILY
CN101524340A	A	770	778	tween-80	FAMILY
CN101528229B	A	333	350	polyvinyl alcohol	FAMILY
CN101530399B	A	239	263	polyvinylpolypyrrolidone	FAMILY
CN101530399B	A	446	470	polyvinylpolypyrrolidone	FAMILY
CN101530416A	A	286	303	glyceryl behenate	FAMILY
CN101531649A	A	378	389	Adamantanes	FAMILY
CN101531649A	A	48	63	andrographolide	FAMILY
CN101531649A	T	21	36	andrographolide	FAMILY
CN101536990A	A	118	129	colchicines	FAMILY
CN101536990A	A	26	37	colchicines	FAMILY
CN101536990A	A	388	399	colchicines	FAMILY
CN101536990A	A	625	636	colchicines	FAMILY
CN101536990A	A	684	695	colchicines	FAMILY
CN101536990A	T	0	11	Colchicines	FAMILY
CN101536997B	A	175	182	alkynol	FAMILY
CN101536997B	A	270	277	alkynol	FAMILY
CN101536997B	A	373	380	alkynol	FAMILY
CN101536997B	A	473	480	alkynol	FAMILY
CN101536997B	A	52	59	alkynol	FAMILY
CN101536997B	A	574	581	alkynol	FAMILY
CN101536997B	T	23	30	alkynol	FAMILY
CN101537003A	A	300	310	hesperetin	FAMILY
CN101537003A	A	36	46	hesperetin	FAMILY
CN101537003A	A	367	379	carbohydrate	FAMILY
CN101537003A	A	481	491	hesperetin	FAMILY
CN101537003A	A	710	720	hesperetin	FAMILY
CN101537170A	A	593	614	casein phosphopeptide	FAMILY
CN101538191A	A	166	184	aluminium trialkyl	FAMILY
CN101538191A	A	190	208	aluminium trialkyl	FAMILY
CN101543511A	A	226	244	polyethyleneglycol	FAMILY
CN101543511A	A	94	112	polyethyleneglycol	FAMILY
CN101543511A	T	69	87	polyethyleneglycol	FAMILY
CN101548949A	A	159	171	phospholipid	FAMILY
CN101548949A	A	189	223	polyoxyethylene-12-hydroxystearate	FAMILY
CN101550115B	T	18	45	piperazinyl alkoxy bibenzyl	FAMILY
CN101550139A	A	125	148	v-triazolo [b] pyrazine	FAMILY
CN101550139A	A	320	322	Ar	FAMILY
CN101550139A	T	36	59	v-triazolo [b] pyrazine	FAMILY
CN101555266A	A	101	167	2'-deoxidated-2'-halo-3',5'-bi-O- alkanoyl-5-methyl-beta-L-uridine	FAMILY
CN101559097A	A	321	331	tocopherol	FAMILY
CN101570539B	A	129	139	morphinone	FAMILY
CN101570539B	A	23	53	morphinone quaternary ammonium	FAMILY
CN101570539B	A	297	327	morphinone quaternary ammonium	FAMILY
CN101570539B	A	354	364	morphinone	FAMILY
CN101570539B	A	402	412	halocarbon	FAMILY
CN101570539B	T	0	30	Morphinone quaternary ammonium	FAMILY
CN101570554B	A	73	116	carboxymethyl chitosan oligosaccharide zinc	FAMILY
CN101570554B	A	811	835	chitosan oligosaccharide	FAMILY
CN101570554B	A	973	1016	carboxymethyl chitosan oligosaccharide zinc	FAMILY
CN101570554B	T	46	89	carboxymethyl chitosan oligosaccharide zinc	FAMILY
CN101570560B	A	178	184	sterol	FAMILY
CN101570560B	A	28	34	sterol	FAMILY
CN101570560B	A	468	474	sterol	FAMILY
CN101570560B	T	4	10	sterol	FAMILY
CN101574338A	A	141	151	fatty acid	FAMILY
CN101574338A	A	326	336	fatty acid	FAMILY
CN101574338A	A	751	759	estrogen	FAMILY
CN101574394A	A	199	223	alkyl polyglycerol ether	FAMILY
CN101574394A	A	225	252	polyoxyethylene alkyl ether	FAMILY
CN101574394A	A	37	45	alkaloid	FAMILY
CN101574394A	T	10	18	alkaloid	FAMILY
CN101574513A	A	429	437	alkaloid	FAMILY
CN101574513A	A	461	470	terpenoid	FAMILY
CN101584662A	A	168	180	phospholipid	FAMILY
CN101584741B	A	391	401	flavonoids	FAMILY
CN101584741B	A	443	453	flavonoids	FAMILY
CN101584741B	A	516	526	flavonoids	FAMILY
CN101584741B	A	58	68	flavonoids	FAMILY
CN101584741B	A	693	703	flavonoids	FAMILY
CN101584741B	T	33	43	flavonoids	FAMILY
CN101590090A	A	175	184	vitamin A	FAMILY
CN101590090A	A	201	210	vitamin B	FAMILY
CN101590090A	A	231	240	vitamin D	FAMILY
CN101590090A	A	242	251	vitamin E	FAMILY
CN101590154A	A	202	212	polyphenol	FAMILY
CN101590154A	A	356	366	polyphenol	FAMILY
CN101591364B	A	84	117	N-glycosylation-3-aryl acrylamide	FAMILY
CN101591364B	T	0	11	Amino sugar	FAMILY
CN101596198A	A	174	184	amino acid	FAMILY
CN101596198A	A	203	212	vitamin A	FAMILY
CN101596198A	A	214	223	vitamin D	FAMILY
CN101596198A	A	228	237	vitamin E	FAMILY
CN101596198A	A	346	354	estrogen	FAMILY
CN101596198A	A	392	399	vitamin	FAMILY
CN101597218A	A	178	226	3-(3-methoxyl-4-hydroxybenzyl)-4-aromatic-hexane	FAMILY
CN101597218A	A	228	278	3-(3-methoxyl-4-hydroxybenzyl)-4-aromatic-2-hexene	FAMILY
CN101597218A	A	280	330	3-(3-methoxyl-4-hydroxybenzyl)-4-aromatic-3-hexene	FAMILY
CN101597218A	A	332	387	3-(3-methoxyl-4-hydroxybenzyl)-4-aromatic-2,4-hexadiene	FAMILY
CN101597218A	A	87	144	3-(3-methoxyl-4-hydroxybenzyl)-4-aromatic-hexene (hexane)	FAMILY
CN101597218A	T	0	57	3-(3-methoxyl-4-hydroxybenzyl)-4-aromatic-hexene (hexane)	FAMILY
CN101602707B	A	1144	1162	naphthaline lactam	FAMILY
CN101602707B	A	190	209	N aphthaline lactam	FAMILY
CN101602707B	A	239	257	naphthaline lactam	FAMILY
CN101602707B	A	27	45	naphthaline lactam	FAMILY
CN101602707B	A	501	522	alkylogen hydrocarbon	FAMILY
CN101602707B	A	808	826	naphthaline lactam	FAMILY
CN101602707B	A	895	906	tetrazolium	FAMILY
CN101602707B	T	0	18	Naphthaline lactam	FAMILY
CN101606945A	A	677	684	alcohol	FAMILY
CN101610764B	T	0	9	Benzamide	FAMILY
CN101613414B	A	161	176	oligosaccharide	FAMILY
CN101613414B	A	36	51	oligosaccharide	FAMILY
CN101613414B	A	390	405	oligosaccharide	FAMILY
CN101613414B	T	9	24	oligosaccharide	FAMILY
CN101637444B	A	785	797	polifeprosan	FAMILY
CN101637444B	A	799	817	dienoic fatty acid	FAMILY
CN101637444B	A	847	862	polylactic acid	FAMILY
CN101638385B	A	105	116	carbostyril	FAMILY
CN101638385B	A	1220	1231	carbostyril	FAMILY
CN101638385B	A	32	43	carbostyril	FAMILY
CN101638385B	A	493	517	amino acid hydrochloride	FAMILY
CN101638385B	A	980	991	carbostyril	FAMILY
CN101638385B	T	6	17	carbostyril	FAMILY
CN101658537B	A	725	734	vitamin E	FAMILY
CN101669946A	A	100	108	alkaloid	FAMILY
CN101669946A	A	223	231	alkaloid	FAMILY
CN101669946A	A	398	406	alkaloid	FAMILY
CN101669946A	T	71	79	alkaloid	FAMILY
CN101669959A	A	644	663	norfloxacin lactate	FAMILY
CN101669959A	A	879	893	aminoglycoside	FAMILY
CN101669962A	A	106	116	amino acid	FAMILY
CN101669962A	A	299	316	glycyrrhizic acid	FAMILY
CN101669962A	A	317	327	amino acid	FAMILY
CN101669962A	A	737	747	amino acid	FAMILY
CN101669962A	A	896	906	acid amino	FAMILY
CN101669962A	T	28	38	amino acid	FAMILY
CN101684098A	A	627	638	leukotriene	FAMILY
CN101687855A	A	255	265	C1-7 alkyl	FAMILY
CN101687855A	A	316	326	C1-7 alkyl	FAMILY
CN101687855A	A	328	345	C3-7 heterocyclyl	FAMILY
CN101687855A	A	350	359	C5-6 aryl	FAMILY
CN101687855A	A	477	494	C5-7 heterocyclic	FAMILY
CN101687855A	A	94	108	fused aromatic	FAMILY
CN101687855A	T	0	13	Phthalazinone	FAMILY
CN101693038B	A	707	722	povidone iodine	FAMILY
CN101693038B	A	746	765	polyethylene glycol	FAMILY
CN101693659A	A	25	49	cyclopentenyl fatty acid	FAMILY
CN101693659A	A	54	59	ester	FAMILY
CN101693659A	A	86	110	cyclopentenyl fatty acid	FAMILY
CN101693659A	T	0	24	Cyclopentenyl fatty acid	FAMILY
CN101693730B	A	43	53	mangiferin	FAMILY
CN101693730B	T	0	10	Mangiferin	FAMILY
CN101696202B	A	30	45	phenylpropanoid	FAMILY
CN101696202B	T	0	15	Phenylpropanoid	FAMILY
CN101700241A	A	425	436	polysorbate	FAMILY
CN101700256A	A	107	116	vitamin B	FAMILY
CN101700256A	A	126	135	vitamin E	FAMILY
CN101703569A	A	223	230	alcohol	FAMILY
CN101703569A	A	312	319	alcohol	FAMILY
CN101703569A	A	356	363	alcohol	FAMILY
CN101703569A	A	97	104	alcohol	FAMILY
CN101703569A	T	13	20	alcohol	FAMILY
CN101708186A	A	200	218	arsenical sulphide	FAMILY
CN101708186A	A	42	60	arsenical sulphide	FAMILY
CN101708186A	A	498	516	arsenical sulphide	FAMILY
CN101708186A	A	599	617	arsenical sulphide	FAMILY
CN101708186A	T	134	152	arsenical sulphide	FAMILY
CN101708186A	T	15	33	arsenical sulphide	FAMILY
CN101711766A	A	424	436	tetracycline	FAMILY
CN101717397B	A	37	85	pyridino-[2',1':2,3] imidazo[4,5-c] isoquinolone	FAMILY
CN101717397B	T	12	60	pyridino-[2',1':2,3] imidazo[4,5-c] isoquinolone	FAMILY
CN101721394A	A	1001	1014	hydrochloride	FAMILY
CN101721394A	A	201	214	hydrochloride	FAMILY
CN101721394A	A	378	388	carboxylic	FAMILY
CN101721394A	A	439	452	hydrochloride	FAMILY
CN101721394A	A	48	61	hydrochloride	FAMILY
CN101721394A	T	19	32	hydrochloride	FAMILY
CN101721435A	A	293	308	oligosaccharide	FAMILY
CN101723903A	A	234	260	4-carbonyl diaryl pyridine	FAMILY
CN101723903A	A	328	336	hydrates	FAMILY
CN101723903A	A	76	103	4-carbonayl diaryl pyridine	FAMILY
CN101723903A	T	0	26	4-carbonyl diaryl pyridine	FAMILY
CN101724037A	A	226	236	amino acid	FAMILY
CN101724048A	A	227	237	amino acid	FAMILY
CN101732232A	A	183	195	phospholipid	FAMILY
CN101732232A	A	241	253	phospholipid	FAMILY
CN101732234A	A	130	133	PEO	FAMILY
CN101732234A	A	134	137	PPO	FAMILY
CN101732234A	A	138	141	PEO	FAMILY
CN101732234A	A	334	337	PEO	FAMILY
CN101732234A	A	338	341	PPO	FAMILY
CN101732234A	A	342	345	PEO	FAMILY
CN101732234A	A	492	495	PEO	FAMILY
CN101732234A	A	496	499	PPO	FAMILY
CN101732234A	A	500	503	PEO	FAMILY
CN101732234A	A	615	618	PEO	FAMILY
CN101732234A	A	619	622	PPO	FAMILY
CN101732234A	A	623	626	PEO	FAMILY
CN101732259A	A	538	546	aldehyde	FAMILY
CN101732305B	A	39	46	iridoid	FAMILY
CN101732305B	T	15	22	iridoid	FAMILY
CN101732610B	A	175	182	alcohol	FAMILY
CN101732610B	A	493	500	alcohol	FAMILY
CN101735211B	A	128	150	adenosine triphosphate	FAMILY
CN101735211B	A	78	110	2,3-dihydro[1,5] benzothiazepine	FAMILY
CN101735211B	T	16	48	2,3-dihydro[1,5] benzothiazepine	FAMILY
CN101744823A	A	112	120	hydrates	FAMILY
CN101744823A	A	208	258	bromophenyl-substituted thiazole dihydropyrimidine	FAMILY
CN101744823A	A	286	294	hydrates	FAMILY
CN101744823A	A	43	93	bromophenyl-substituted thiazole dihydropyrimidine	FAMILY
CN101744823A	T	20	37	dihydropyrimidine	FAMILY
CN101756961A	A	145	158	triglycerides	FAMILY
CN101756961A	A	251	264	triglycerides	FAMILY
CN101756961A	A	75	88	triglycerides	FAMILY
CN101756961A	T	47	60	triglycerides	FAMILY
CN101757009A	A	202	210	saponins	FAMILY
CN101757009A	A	333	341	saponins	FAMILY
CN101757009A	A	481	489	saponins	FAMILY
CN101757009A	A	53	61	saponins	FAMILY
CN101757009A	A	674	682	saponins	FAMILY
CN101757009A	T	27	35	saponins	FAMILY
CN101757604A	A	187	209	mannan-oligosaccharide	FAMILY
CN101757604A	A	271	286	poly-isomaltose	FAMILY
CN101757624A	A	242	247	ester	FAMILY
CN101759684A	A	75	92	diaryl pyrimidine	FAMILY
CN101759684A	T	0	17	Diaryl pyrimidine	FAMILY
CN101759715A	A	661	670	organotin	FAMILY
CN101759715A	A	901	910	organotin	FAMILY
CN101766547A	A	295	309	monosaccharide	FAMILY
CN101766547A	A	40	55	monosaccharides	FAMILY
CN101766547A	T	15	30	monosaccharides	FAMILY
CN101766689A	A	399	408	vitamin E	FAMILY
CN101768130A	A	115	176	aminomethyl-5-membered aromatic heterocycle-4-carboxylic acid	FAMILY
CN101768130A	T	23	84	aminomethyl-5-membered aromatic heterocycle-4-carboxylic acid	FAMILY
CN101768155A	A	134	214	(aminomethyl-five-membered heterocyclo-4-carbonyl)-pyrrolidine-2-carboxylic acid	FAMILY
CN101768155A	T	23	103	(aminomethyl-five-membered heterocyclo-4-carbonyl)-pyrrolidine-2-carboxylic acid	FAMILY
CN101773489A	A	475	487	calcium ions	FAMILY
CN101773596A	A	217	236	polyethylene glycol	FAMILY
CN101780101A	A	189	196	heparin	FAMILY
CN101780101A	A	419	426	heparin	FAMILY
CN101780101A	A	510	517	heparin	FAMILY
CN101780101A	A	56	63	heparin	FAMILY
CN101780101A	A	875	882	heparin	FAMILY
CN101780101A	T	28	35	heparin	FAMILY
CN101786975A	A	23	32	lipoamide	FAMILY
CN101786975A	T	0	9	Lipoamide	FAMILY
CN101790525A	A	45	55	pyrimidine	FAMILY
CN101790553B	A	251	265	alkylene oxide	FAMILY
CN101790553B	A	467	484	C3-C4 oxyalkylene	FAMILY
CN101790553B	A	598	609	oxyalkylene	FAMILY
CN101790553B	A	620	631	oxyethylene	FAMILY
CN101790553B	A	723	740	C3-C4 oxyalkylene	FAMILY
CN101790553B	A	751	762	oxyethylene	FAMILY
CN101790553B	A	838	855	C1-C4 hydrocarbon	FAMILY
CN101790553B	T	0	14	Alkylene oxide	FAMILY
CN101792437B	A	84	97	tolyltriazole	FAMILY
CN101792437B	T	0	13	Tolyltriazole	FAMILY
CN101797374A	A	228	242	cephalosporins	FAMILY
CN101804025B	A	333	352	polyethylene glycol	FAMILY
CN101804025B	A	369	382	hydrochloride	FAMILY
CN101805328A	A	25	35	Epothilone	FAMILY
CN101805328A	T	0	10	epothilone	FAMILY
CN101805330A	A	199	204	alkyl	FAMILY
CN101805330A	A	24	64	2-alkyl-benzimidazole-1-acetyl hydrazone	FAMILY
CN101805330A	A	290	295	alkyl	FAMILY
CN101805330A	A	419	456	2-alkyl-benzimidazole-1-acethydrazide	FAMILY
CN101805330A	A	545	562	aromatic aldehyde	FAMILY
CN101805330A	A	590	627	2-alkyl-benzimidazole-1-acethydrazide	FAMILY
CN101805330A	A	631	648	aromatic aldehyde	FAMILY
CN101805330A	A	685	722	2-alkyl-benzimidazole-1-acethydrazide	FAMILY
CN101805330A	A	848	888	2-alkyl-benzimidazole-1-acetyl hydrazone	FAMILY
CN101805330A	T	0	40	2-alkyl-benzimidazole-1-acetyl hydrazone	FAMILY
CN101810570A	A	102	116	anthracyclines	FAMILY
CN101810570A	A	245	259	anthracyclines	FAMILY
CN101810570A	A	286	296	fatty acid	FAMILY
CN101810570A	A	87	97	fatty acid	FAMILY
CN101810570A	T	60	70	fatty acid	FAMILY
CN101810570A	T	75	89	anthracyclines	FAMILY
CN101810577B	A	304	328	fatty acid triglycerides	FAMILY
CN101810577B	A	384	392	lecithin	FAMILY
CN101810577B	A	458	464	PEG400	FAMILY
CN101810599A	A	137	153	organophosphorus	FAMILY
CN101810599A	A	332	348	organophosphorus	FAMILY
CN101810599A	A	495	511	organophosphorus	FAMILY
CN101810599A	A	847	857	superoxide	FAMILY
CN101810850A	A	125	134	vitamin E	FAMILY
CN101817808A	A	109	119	flavonoids	FAMILY
CN101817808A	A	157	167	flavonoids	FAMILY
CN101817808A	A	313	321	flavones	FAMILY
CN101817808A	T	0	8	Flavones	FAMILY
CN101817833A	A	34	49	pyrimido ketone	FAMILY
CN101817833A	A	850	855	sugar	FAMILY
CN101817834A	A	88	96	pyrazole	FAMILY
CN101817834A	T	0	8	Pyrazole	FAMILY
CN101822651A	A	164	198	omega-3 polyunsaturated fatty acid	FAMILY
CN101829053B	A	198	221	fatty acid triglyceride	FAMILY
CN101829053B	A	257	265	lecithin	FAMILY
CN101829053B	A	327	356	PEG (Polyethylene Glycol) 400	FAMILY
CN101829084A	A	907	920	flavanolignan	FAMILY
CN101829090A	A	1067	1080	flavonolignan	FAMILY
CN101829090A	A	1099	1115	silibinin esters	FAMILY
CN101829090A	A	1156	1179	diamine formyl-methoxyl	FAMILY
CN101829090A	A	1258	1271	flavonolignan	FAMILY
CN101829090A	A	1290	1306	silibinin esters	FAMILY
CN101829090A	A	1347	1370	diamine formyl-methoxyl	FAMILY
CN101829090A	A	1460	1473	flavonolignan	FAMILY
CN101829090A	A	1492	1508	silibinin esters	FAMILY
CN101829090A	A	1549	1572	diamine formyl-methoxyl	FAMILY
CN101829090A	A	166	179	flavonolignan	FAMILY
CN101829090A	A	198	214	silibinin esters	FAMILY
CN101829090A	A	255	278	diamine formyl-methoxyl	FAMILY
CN101829090A	A	40	77	diamine formyl dehydrogenated silybin	FAMILY
CN101829090A	A	454	467	flavonolignan	FAMILY
CN101829090A	A	486	502	silibinin esters	FAMILY
CN101829090A	A	543	566	diamine formyl-methoxyl	FAMILY
CN101829090A	A	647	660	flavonolignan	FAMILY
CN101829090A	A	679	695	silibinin esters	FAMILY
CN101829090A	A	736	759	diamine formyl-methoxyl	FAMILY
CN101829090A	T	15	52	diamine formyl dehydrogenated silybin	FAMILY
CN101829127A	A	300	305	ester	FAMILY
CN101829139A	A	1022	1042	polyvinylpyrrolidone	FAMILY
CN101829139A	A	677	697	polyvinylpyrrolidone	FAMILY
CN101830945A	A	174	184	arteannuin	FAMILY
CN101830945A	A	218	228	arteannuin	FAMILY
CN101830945A	A	394	404	arteannuin	FAMILY
CN101830945A	A	478	488	arteannuin	FAMILY
CN101830945A	A	76	86	arteannuin	FAMILY
CN101830945A	T	0	10	Arteannuin	FAMILY
CN101836960A	A	203	207	PGLA	FAMILY
CN101836960A	A	563	567	PGLA	FAMILY
CN101837004A	A	294	301	alcohol	FAMILY
CN101837004A	A	719	726	alcohol	FAMILY
CN101843603A	A	143	151	estrogen	FAMILY
CN101843823A	A	286	293	alcohol	FAMILY
CN101845069A	T	14	58	4'-substituted 6,11-2-oxygen-carithromycin A	FAMILY
CN101850031A	A	305	315	polyphenol	FAMILY
CN101856374A	A	513	520	flavone	FAMILY
CN101856495A	A	375	382	alcohol	FAMILY
CN101862628A	A	206	222	polyvinylalcohol	FAMILY
CN101862628A	A	296	311	polylactic acid	FAMILY
CN101862628A	A	555	570	polylactic acid	FAMILY
CN101862628A	A	599	614	polylactic acid	FAMILY
CN101862628A	A	980	995	polylactic acid	FAMILY
CN101863887B	A	26	33	matrine	FAMILY
CN101863887B	T	0	7	Matrine	FAMILY
CN101863925B	A	144	163	aryl ruthenium (II)	FAMILY
CN101863925B	A	215	220	alkyl	FAMILY
CN101863925B	A	27	46	aryl ruthenium (II)	FAMILY
CN101863925B	A	463	470	alkenyl	FAMILY
CN101863925B	A	481	488	alkynyl	FAMILY
CN101863925B	A	508	513	alkyl	FAMILY
CN101863925B	A	530	535	alkyl	FAMILY
CN101863925B	A	537	544	halogen	FAMILY
CN101863925B	A	546	551	CO2R7	FAMILY
CN101863925B	A	553	560	CONR8R9	FAMILY
CN101863925B	A	562	567	COR10	FAMILY
CN101863925B	A	575	584	SO2R11R12	FAMILY
CN101863925B	A	586	593	aryloxy	FAMILY
CN101863925B	A	604	610	alkoxy	FAMILY
CN101863925B	A	621	630	alkylthio	FAMILY
CN101863925B	A	632	639	-N=NR13	FAMILY
CN101863925B	A	640	647	NR14R15	FAMILY
CN101863925B	A	649	653	aryl	FAMILY
CN101863925B	A	657	664	aralkyl	FAMILY
CN101863925B	A	670	688	aryl ruthenium(II)	FAMILY
CN101863925B	T	0	19	Aryl ruthenium (11)	FAMILY
CN101863936A	A	39	54	steroid saponin	FAMILY
CN101863936A	A	520	535	steroid saponin	FAMILY
CN101863936A	T	10	25	steroid saponin	FAMILY
CN101863953A	A	47	54	saponin	FAMILY
CN101863953A	A	649	656	saponin	FAMILY
CN101863953A	A	739	746	saponin	FAMILY
CN101863953A	A	873	880	saponin	FAMILY
CN101863953A	A	926	933	saponin	FAMILY
CN101863953A	A	962	969	saponin	FAMILY
CN101863953A	T	57	64	saponin	FAMILY
CN101869571A	A	411	435	polyethylene glycol 6000	FAMILY
CN101870694A	A	25	67	8,8-disubstituted-13,13a-dihyrdroberberine	FAMILY
CN101870694A	A	260	302	8,8-disubstituted-13,13a-dihyrdroberberine	FAMILY
CN101870694A	A	466	478	carbohydrate	FAMILY
CN101870694A	T	0	42	8,8-disubstituted-13,13a-dihyrdroberberine	FAMILY
CN101874789A	A	174	186	lansoprazole	FAMILY
CN101874789A	A	235	254	polyethylene glycol	FAMILY
CN101874789A	A	25	37	lansoprazole	FAMILY
CN101874789A	A	573	592	polyethylene glycol	FAMILY
CN101874789A	T	0	12	Lansoprazole	FAMILY
CN101879162A	A	937	949	tiglycerides	FAMILY
CN101890023A	A	209	229	polyvinylpyrrolidone	FAMILY
CN101898985A	A	201	253	N-substituted benzenesulfonyl-substituted benzamides	FAMILY
CN101898985A	A	25	77	N-substituted benzenesulfonyl-substituted benzamides	FAMILY
CN101898985A	T	0	52	N-substituted benzenesulfonyl-substituted benzamides	FAMILY
CN101903348A	A	114	123	pyrazolyl	FAMILY
CN101903348A	T	6	37	pyrazole-substituted arylamides	FAMILY
CN101912431A	A	114	121	alcohol	FAMILY
CN101918378A	A	327	332	NRaRb	FAMILY
CN101918378A	A	375	380	alkyl	FAMILY
CN101918378A	A	476	488	heterocyclic	FAMILY
CN101918378A	A	492	503	carbocyclic	FAMILY
CN101919824A	A	352	360	Tween-80	FAMILY
CN101919824A	A	715	723	Tween-80	FAMILY
CN101919831B	A	122	131	vitamin E	FAMILY
CN101919831B	A	99	108	vitamin A	FAMILY
CN101919832A	A	126	151	CH3(CH2)m1CH=CH(CH2)n1COR	FAMILY
CN101919832A	A	173	210	CH3(CH2)m2CH=CH(CH2)n2CH=CH(CH2)X1COR	FAMILY
CN101919832A	A	233	281	CH3(CH2)m3CH=CH(CH2)n3CH=CH(CH2)x2CH=CH(CH2)yCOR	FAMILY
CN101919832A	A	303	315	CH3(CH2)zCOR	FAMILY
CN101919832A	A	73	83	fatty acid	FAMILY
CN101919832A	T	43	53	fatty acid	FAMILY
CN101921238A	A	205	210	alkyl	FAMILY
CN101921238A	A	226	231	alkyl	FAMILY
CN101921238A	A	361	368	halogen	FAMILY
CN101921238A	A	407	412	alkyl	FAMILY
CN101921238A	A	424	436	C1-C4 alkoxy	FAMILY
CN101921238A	A	524	529	alkyl	FAMILY
CN101921238A	A	601	611	C1-C4 acyl	FAMILY
CN101921238A	T	47	63	benzoheterocycle	FAMILY
CN101921294A	A	161	167	alkane	FAMILY
CN101921294A	A	36	53	benzodihydropyran	FAMILY
CN101921294A	T	12	29	benzodihydropyran	FAMILY
CN101926830A	A	159	171	tetracycline	FAMILY
CN101926830A	A	212	224	tetracycline	FAMILY
CN101926830A	A	696	708	tetracycline	FAMILY
CN101926830A	A	860	872	tetracycline	FAMILY
CN101928328A	A	412	420	estrogen	FAMILY
CN101940557A	A	281	290	vitamin D	FAMILY
CN101940557A	A	312	320	tween-80	FAMILY
CN101940560A	A	247	260	hydrochloride	FAMILY
CN101940560A	A	87	100	hydrochloride	FAMILY
CN101940560A	T	12	25	hydrochloride	FAMILY
CN101940618B	A	161	168	flavone	FAMILY
CN101940618B	A	364	371	flavone	FAMILY
CN101940618B	A	587	594	flavone	FAMILY
CN101940701A	A	392	405	anthraquinone	FAMILY
CN101940701A	A	474	484	amino acid	FAMILY
CN101940701A	A	918	931	anthraquinone	FAMILY
CN101940701A	A	970	980	amino acid	FAMILY
CN101940749A	A	314	319	sugar	FAMILY
CN101940749A	A	712	717	sugar	FAMILY
CN101940749A	A	753	758	sugar	FAMILY
CN101940749A	A	853	858	sugar	FAMILY
CN101941914A	A	131	158	didecyl quaternary ammonium	FAMILY
CN101941914A	A	222	249	didecyl quaternary ammonium	FAMILY
CN101941914A	A	379	385	emodin	FAMILY
CN101941914A	A	41	47	emodin	FAMILY
CN101941914A	A	453	459	emodin	FAMILY
CN101941914A	T	26	53	didecyl quaternary ammonium	FAMILY
CN101947207A	A	139	146	Span-80	FAMILY
CN101947207A	A	515	522	Span-80	FAMILY
CN101947214A	A	289	298	Vitamin A	FAMILY
CN101947214A	A	49	58	vitamin A	FAMILY
CN101947214A	A	537	546	vitamin A	FAMILY
CN101947214A	A	838	847	vitamin A	FAMILY
CN101947214A	T	21	30	vitamin A	FAMILY
CN101948381A	A	628	642	inorganic acid	FAMILY
CN101948381A	A	646	658	organic acid	FAMILY
CN101948430A	A	106	113	halogen	FAMILY
CN101948430A	A	169	181	heterocyclic	FAMILY
CN101948430A	A	263	273	sinomenine	FAMILY
CN101948430A	A	26	36	sinomenine	FAMILY
CN101948430A	T	0	10	Sinomenine	FAMILY
CN101953792A	A	344	363	polyethylene glycol	FAMILY
CN101961344A	A	199	210	hyaluronate	FAMILY
CN101961344A	A	214	229	hyaluronic acid	FAMILY
CN101961378A	A	246	262	proanthocyanidin	FAMILY
CN101961378A	A	964	980	proanthocyanidin	FAMILY
CN101961383A	A	341	350	flavonoid	FAMILY
CN101961383A	A	379	387	saponins	FAMILY
CN101961383A	A	549	558	flavonoid	FAMILY
CN101961383A	A	628	636	saponins	FAMILY
CN101966154A	A	376	384	lecithin	FAMILY
CN101966154A	A	424	432	lecithin	FAMILY
CN101966154A	A	483	497	polysorbate 80	FAMILY
CN101966184A	A	134	143	vitamin B	FAMILY
CN101966184A	A	26	35	vitamin B	FAMILY
CN101966184A	A	529	538	vitamin B	FAMILY
CN101966184A	T	0	9	Vitamin B	FAMILY
CN101967127A	A	1010	1021	quinazoline	FAMILY
CN101967127A	A	166	177	quinazoline	FAMILY
CN101967127A	A	247	258	quinazoline	FAMILY
CN101967127A	A	316	327	NH(CH2)mNR5	FAMILY
CN101967127A	A	331	342	NH(CH2)m-Ar	FAMILY
CN101967127A	A	350	364	NHCO(CH2)n NR5	FAMILY
CN101967127A	A	366	379	NHCO(CH2)n-Ar	FAMILY
CN101967127A	A	381	402	NHCO(CH2)nNH(CH2)nNR5	FAMILY
CN101967127A	A	406	427	NHCO(CH2)nNH(CH2)n-Ar	FAMILY
CN101967127A	A	482	495	NHCO(CH2)nNR5	FAMILY
CN101967127A	A	497	510	NHCO(CH2)n-Ar	FAMILY
CN101967127A	A	512	533	NHCO(CH2)nNH(CH2)nNR5	FAMILY
CN101967127A	A	537	558	NHCO(CH2)nNH(CH2)n-Ar	FAMILY
CN101967127A	A	560	563	-Ar	FAMILY
CN101967127A	A	583	591	aromatic	FAMILY
CN101967127A	A	617	638	aromatic heterocyclic	FAMILY
CN101967127A	A	720	725	alkyl	FAMILY
CN101967127A	A	735	745	cycloalkyl	FAMILY
CN101967127A	A	84	95	quinazoline	FAMILY
CN101967127A	A	877	888	quinazoline	FAMILY
CN101967127A	T	0	11	Quinazoline	FAMILY
CN101967127A	T	73	84	quinazoline	FAMILY
CN101967169A	A	98	107	helicidum	FAMILY
CN101972226A	A	506	534	methoxybenzylaminopyrimidine	FAMILY
CN101977910A	A	248	252	aryl	FAMILY
CN101977910A	A	256	266	heteroaryl	FAMILY
CN101977910A	A	284	294	heteroaryl	FAMILY
CN101977910A	T	0	25	N-azabicyclic carboxamide	FAMILY
CN101978852A	A	1055	1076	xylo-oligosaccharides	FAMILY
CN101978852A	A	265	286	xylo-oligosaccharides	FAMILY
CN101978852A	A	494	504	gramicidin	FAMILY
CN101987100A	A	398	407	Vitamin E	FAMILY
CN101987100A	A	427	433	esters	FAMILY
CN101987100A	A	529	535	esters	FAMILY
CN101987100A	A	656	662	esters	FAMILY
CN101987136A	A	603	610	alcohol	FAMILY
CN101991535A	A	243	251	lecithin	FAMILY
CN101991588B	A	229	249	polyvinylpyrrolidone	FAMILY
CN102018706A	A	296	315	polyethylene glycol	FAMILY
CN102018755B	A	270	275	sugar	FAMILY
CN102018755B	A	309	314	sugar	FAMILY
CN102020623B	A	109	116	lactone	FAMILY
CN102020623B	A	268	275	lactone	FAMILY
CN102020623B	A	330	337	lactone	FAMILY
CN102020623B	A	416	423	lactone	FAMILY
CN102020623B	A	602	609	lactone	FAMILY
CN102020623B	A	811	818	lactone	FAMILY
CN102028654A	A	217	238	polyvinyl pyrrolidone	FAMILY
CN102030809A	A	141	154	theasapogenol	FAMILY
CN102030809A	A	26	39	theasapogenol	FAMILY
CN102030809A	T	0	13	Theasapogenol	FAMILY
CN102038659A	A	88	96	hydrates	FAMILY
CN102038672A	A	487	496	vitamin E	FAMILY
CN102038672A	A	498	515	vitamin E acetate	FAMILY
CN102038672A	A	520	540	vitamin E nicotinate	FAMILY
CN102038957B	A	490	503	polyhistidine	FAMILY
CN102049051A	A	444	458	monosaccharide	FAMILY
CN102050809A	A	24	46	3-peperazinyl coumarin	FAMILY
CN102050809A	T	87	109	3-peperazinyl coumarin	FAMILY
CN102058523A	A	151	174	polyethylene glycol 400	FAMILY
CN102058523A	A	373	396	polyethylene glycol 400	FAMILY
CN102058581A	A	164	171	steroid	FAMILY
CN102058581A	T	4	11	steroid	FAMILY
CN102058608A	A	287	300	hydrochloride	FAMILY
CN102058608A	A	345	353	mesylate	FAMILY
CN102058608A	A	355	362	citrate	FAMILY
CN102066317A	A	104	110	esters	FAMILY
CN102066317A	T	12	27	aminotetralines	FAMILY
CN102068442A	A	157	163	lignin	FAMILY
CN102070565A	A	230	265	2-toluenyl-1-alkyl-1, 3-butanedione	FAMILY
CN102070565A	A	393	438	4-alkyl-6-aryl-5-acetyl-2-amino-1, 3-thiazine	FAMILY
CN102070565A	A	456	501	4-alkyl-6-aryl-5-acetyl-2-amino-1, 3-thiazine	FAMILY
CN102070565A	T	0	37	4-alkyl-6-aryl-5-acetyl-1, 3-thiazine	FAMILY
CN102070608A	A	52	110	4-substituted phenylamino-7-substituted alkoxy-quinazoline	FAMILY
CN102070608A	T	0	58	4-substituted phenylamino-7-substituted alkoxy-quinazoline	FAMILY
CN102078299B	A	246	259	phospholipids	FAMILY
CN102078319A	A	323	347	protoberberine alkaloids	FAMILY
CN102078325A	A	122	136	glucocorticoid	FAMILY
CN102078325A	A	291	305	glucocorticoid	FAMILY
CN102078325A	A	77	91	glucocorticoid	FAMILY
CN102078325A	T	75	89	glucocorticoid	FAMILY
CN102085187B	A	314	322	Tween 80	FAMILY
CN102085370A	A	419	427	aromatic	FAMILY
CN102091133A	A	301	306	sugar	FAMILY
CN102091133A	A	381	392	amino acids	FAMILY
CN102100665B	A	157	166	vitamin E	FAMILY
CN102100665B	A	45	54	vitamin E	FAMILY
CN102100665B	T	21	30	vitamin E	FAMILY
CN102106850A	A	158	167	monoamine	FAMILY
CN102106850A	A	426	435	monoamine	FAMILY
CN102114005A	A	430	454	polyethylene glycol 6000	FAMILY
CN102114005A	A	456	476	polyvinylpyrrolidone	FAMILY
CN102114005A	A	500	524	polyethylene glycol 6000	FAMILY
CN102114005A	A	533	553	polyvinylpyrrolidone	FAMILY
CN102114016A	A	151	164	physostigmine	FAMILY
CN102114016A	A	341	354	physostigmine	FAMILY
CN102114016A	A	446	452	indole	FAMILY
CN102114016A	A	467	481	1,2,3-triazole	FAMILY
CN102114016A	A	686	699	physostigmine	FAMILY
CN102114016A	T	22	35	physostigmine	FAMILY
CN102119951A	A	168	173	sugar	FAMILY
CN102119951A	A	649	654	sugar	FAMILY
CN102119974B	A	395	402	alcohol	FAMILY
CN102125522A	A	472	491	polyethylene glycol	FAMILY
CN102125522A	A	495	511	polycaprolactone	FAMILY
CN102125587A	A	264	272	paraffin	FAMILY
CN102125587A	A	423	431	paraffin	FAMILY
CN102125587A	A	512	520	paraffin	FAMILY
CN102125587A	A	739	747	paraffin	FAMILY
CN102125587A	A	833	841	paraffin	FAMILY
CN102127019A	A	24	36	geldanamycin	FAMILY
CN102127019A	A	427	452	hexahydric heteroaromatic	FAMILY
CN102127019A	A	481	495	heteroaromatic	FAMILY
CN102127019A	A	519	534	carboxylic acid	FAMILY
CN102127019A	A	567	584	fatty hydrocarbon	FAMILY
CN102127019A	A	695	712	fatty hydrocarbon	FAMILY
CN102127019A	A	845	857	geldanamycin	FAMILY
CN102127019A	T	0	12	Geldanamycin	FAMILY
CN102127062A	A	125	143	isoandrographolide	FAMILY
CN102127062A	A	27	45	isoandrographolide	FAMILY
CN102127062A	A	317	322	alkyl	FAMILY
CN102127062A	A	375	381	alkoxy	FAMILY
CN102127062A	A	506	513	halogen	FAMILY
CN102127062A	A	572	590	isoandrographolide	FAMILY
CN102127062A	A	625	643	isoandrographolide	FAMILY
CN102127062A	T	12	30	isoandrographolide	FAMILY
CN102127141A	A	197	207	amino acid	FAMILY
CN102127141A	A	456	466	amino acid	FAMILY
CN102131805A	T	0	15	Imidazopyridine	FAMILY
CN102131805A	T	20	35	imidazopyrazine	FAMILY
CN102133214A	A	390	400	fatty acid	FAMILY
CN102133220A	A	270	277	saponin	FAMILY
CN102133220A	T	33	40	saponin	FAMILY
CN102144988A	A	528	542	polysorbate-20	FAMILY
CN102144991A	A	481	501	polyvinylpyrrolidone	FAMILY
CN102144991A	A	78	98	polyvinylpyrrolidone	FAMILY
CN102145172B	A	281	298	sodium aliphatate	FAMILY
CN102145172B	A	339	353	aminoglycoside	FAMILY
CN102145172B	A	447	461	aminoglycoside	FAMILY
CN102145172B	A	509	523	aminoglycoside	FAMILY
CN102145172B	A	694	708	aminoglycoside	FAMILY
CN102145172B	A	69	83	aminoglycoside	FAMILY
CN102145172B	T	40	54	aminoglycoside	FAMILY
CN102146081B	A	24	44	indole-3-acetic acid	FAMILY
CN102146081B	A	462	482	indole-3-acetic acid	FAMILY
CN102146081B	T	0	17	Indoleacetic acid	FAMILY
CN102151279A	A	602	610	saponins	FAMILY
CN102151279A	T	33	41	saponins	FAMILY
CN102166211A	A	106	152	1-deoxynojiri mycin containing 1,2,3-triazoles	FAMILY
CN102166211A	A	205	251	1-deoxynojiri mycin containing 1,2,3-triazoles	FAMILY
CN102166211A	T	22	68	1-deoxynojiri mycin containing 1,2,3-triazoles	FAMILY
CN102178647A	A	348	356	alcohols	FAMILY
CN102178647A	A	82	90	alcohols	FAMILY
CN102186829A	T	8	29	tetrahydronaphthalene	FAMILY
CN102188382A	A	461	484	polyethylene glycol2000	FAMILY
CN102188426A	A	664	684	polyvinylpyrrolidone	FAMILY
CN102188426A	A	724	740	polymethacrylate	FAMILY
CN102188512A	A	244	257	acrylic ester	FAMILY
CN102188512A	A	611	624	acrylic ester	FAMILY
CN102188692A	A	366	376	amino acid	FAMILY
CN102188692A	A	470	480	fatty acid	FAMILY
CN102188692A	A	490	500	amino acid	FAMILY
CN102198118A	A	162	183	polyvinyl pyrrolidone	FAMILY
CN102198118A	A	232	255	polyethylene glycol 400	FAMILY
CN102199184A	A	290	405	hederasaponin 3-O-alpha-L-pyran rhamnose-(1->2) [beta-D-glucopyranose-(1->4)]-alpha-L-pyran arabinose hederasaponin	FAMILY
CN102199184A	A	461	576	hederasaponin 3-O-alpha-L-pyran rhamnose-(1->2) [beta-D-glucopyranose-(1->4)]-alpha-L-pyran arabinose hederasaponin	FAMILY
CN102199184A	A	73	173	3-O-alpha-L-pyran rhamnose-(1->2) [beta-D-glucopyranose-(1-4)]-alpha-L-pyran arabinose hederasaponin	FAMILY
CN102199184A	T	0	13	Hederasaponin	FAMILY
CN102204921A	A	112	124	tetracycline	FAMILY
CN102204921A	A	176	188	tetracycline	FAMILY
CN102204921A	A	280	292	tetracycline	FAMILY
CN102204921A	A	342	354	tetracycline	FAMILY
CN102204921A	A	538	550	tetracycline	FAMILY
CN102204921A	T	15	27	tetracycline	FAMILY
CN102206180A	T	12	56	6-cyclohexylalkyl substituted 2-quinolinones	FAMILY
CN102206180A	T	61	77	2-quinoxalinones	FAMILY
CN102229546A	A	299	309	C1-6 alkyl	FAMILY
CN102229546A	A	394	406	heterocyclic	FAMILY
CN102229546A	A	423	433	C1-6 alkyl	FAMILY
CN102229546A	A	518	530	heterocyclic	FAMILY
CN102229580A	A	100	113	pleuromutilin	FAMILY
CN102229580A	A	185	229	alkyl acylamino-thiazole-4-methyl merecaptan	FAMILY
CN102229580A	A	26	39	pleuromutilin	FAMILY
CN102229580A	A	354	367	pleuromutilin	FAMILY
CN102229580A	T	6	19	pleuromutilin	FAMILY
CN102234250A	A	478	486	alkaloid	FAMILY
CN102234250A	A	77	85	alkaloid	FAMILY
CN102234250A	T	20	28	alkaloid	FAMILY
CN102234267A	A	251	259	triazole	FAMILY
CN102234267A	A	71	79	triazole	FAMILY
CN102234267A	A	788	796	triazole	FAMILY
CN102234267A	T	6	14	triazole	FAMILY
CN102234284A	A	218	223	alkyl	FAMILY
CN102234284A	A	231	238	halogen	FAMILY
CN102234284A	A	45	56	ticlopidine	FAMILY
CN102234284A	T	20	31	ticlopidine	FAMILY
CN102247345A	A	171	177	statin	FAMILY
CN102247345A	A	179	186	fibrate	FAMILY
CN102247347A	A	527	533	oxides	FAMILY
CN102276605B	A	523	540	aromatic aldehyde	FAMILY
CN102302468A	A	649	673	polyvinylpolypyrrolidone	FAMILY
CN102302484A	A	272	282	isoflavone	FAMILY
CN102302484A	A	42	52	isoflavone	FAMILY
CN102302484A	T	16	26	isoflavone	FAMILY
CN102304087A	A	283	291	cucoline	FAMILY
CN102304087A	A	404	412	cucoline	FAMILY
CN102304087A	A	433	446	hydrochloride	FAMILY
CN102304087A	A	491	498	citrate	FAMILY
CN102304087A	A	503	511	mesylate	FAMILY
CN102304087A	A	645	653	cucoline	FAMILY
CN102304087A	A	89	97	cucoline	FAMILY
CN102304087A	T	0	8	Cucoline	FAMILY
CN102304132A	A	115	124	alkaloids	FAMILY
CN102304132A	A	236	250	silicon ketene	FAMILY
CN102304132A	A	254	264	Lewis acid	FAMILY
CN102304132A	T	88	97	alkaloids	FAMILY
CN102309476A	A	179	200	polyvinyl pyrrolidone	FAMILY
CN102309476A	A	202	205	PVP	FAMILY
CN102311382A	A	601	604	PVP	FAMILY
CN102311382A	A	606	627	Polyvinyl Pyrrolidone	FAMILY
CN102321025A	A	110	119	vanilloid	FAMILY
CN102321025A	A	56	71	indazolyl ureas	FAMILY
CN102321025A	T	31	46	indazolyl ureas	FAMILY
CN102327235A	A	232	240	tween 80	FAMILY
CN102327235A	A	269	290	polyethenoxy ether 40	FAMILY
CN102335165A	A	136	146	flavonoids	FAMILY
CN102335165A	A	59	69	flavonoids	FAMILY
CN102335165A	T	15	25	flavonoids	FAMILY
CN102335266A	A	203	212	vitamin D	FAMILY
CN102335412A	A	131	141	polyphenol	FAMILY
CN102336768A	A	24	96	N'-arylmethylene-2-(4-oxothiophene[2,3-d]pyrimidin-3-yl)acetyl hydrazone	FAMILY
CN102336768A	T	0	72	N'-arylmethylene-2-(4-oxothiophene[2,3-d]pyrimidin-3-yl)acetyl hydrazone	FAMILY
CN102342330A	A	141	152	diglyceride	FAMILY
CN102342330A	A	174	186	triglyceride	FAMILY
CN102342330A	A	209	222	monoglyceride	FAMILY
CN102342330A	A	246	256	fatty acid	FAMILY
CN102342330A	A	278	288	fatty acid	FAMILY
CN102342330A	A	369	379	fatty acid	FAMILY
CN102342330A	A	423	433	fatty acid	FAMILY
CN102342330A	A	465	495	Omega-6 unsaturated fatty acid	FAMILY
CN102342330A	A	499	529	Omega-3 unsaturated fatty acid	FAMILY
CN102342330A	A	62	73	diglyceride	FAMILY
CN102342330A	T	35	46	diglyceride	FAMILY
CN102342930A	A	189	199	fatty acid	FAMILY
CN102342930A	A	200	209	glyceride	FAMILY
CN102349890A	A	514	522	estrogen	FAMILY
CN102351934A	A	35	43	alkaloid	FAMILY
CN102351934A	T	10	18	alkaloid	FAMILY
CN102351934A	T	130	138	alkaloid	FAMILY
CN102357143A	A	198	205	alcohol	FAMILY
CN102372701A	A	113	130	azabicyclo hexane	FAMILY
CN102372701A	A	177	194	azabicyclo hexane	FAMILY
CN102372701A	A	35	52	azabicyclo hexane	FAMILY
CN102372701A	T	0	17	Azabicyclo hexane	FAMILY
CN102372701A	T	69	86	azabicyclo hexane	FAMILY
CN102391137A	A	106	122	Amino acid ester	FAMILY
CN102391137A	A	41	57	amino acid ester	FAMILY
CN102391137A	T	14	30	amino acid ester	FAMILY
CN102423466A	A	484	491	alcohol	FAMILY
CN102429870A	A	289	304	polyamide amine	FAMILY
CN102432601A	A	176	181	sugar	FAMILY
CN102432601A	A	63	90	mangiferin penta-esterified	FAMILY
CN102432601A	T	0	27	Mangiferin penta-esterified	FAMILY
CN102448930A	A	21	35	thiocolchicine	FAMILY
CN102448930A	T	0	14	Thiocolchicine	FAMILY
CN102452916A	A	124	144	aromatic polyketones	FAMILY
CN102452916A	A	207	227	aromatic polyketones	FAMILY
CN102452916A	A	433	453	aromatic polyketones	FAMILY
CN102452916A	A	543	562	aromatic polyketone	FAMILY
CN102452916A	A	627	647	aromatic polyketones	FAMILY
CN102452916A	A	732	752	aromatic polyketones	FAMILY
CN102452916A	A	848	868	aromatic polyketones	FAMILY
CN102452916A	T	4	24	aromatic polyketones	FAMILY
CN102488658A	A	188	197	vitamin E	FAMILY
CN102488664A	A	178	197	vitamin A palmitate	FAMILY
CN102503954A	A	73	82	imidazole	FAMILY
CN102503954A	T	0	9	Imidazole	FAMILY
CN102512403A	A	462	467	sugar	FAMILY
CN102512489A	A	788	819	polyinosinic-polycytidylic acid	FAMILY
CN102512489A	A	824	827	PEG	FAMILY
CN102512696A	A	411	420	vitamin E	FAMILY
CN102512696A	A	475	484	vitamin E	FAMILY
CN102512696A	A	786	795	vitamin E	FAMILY
CN102516213A	A	128	141	sesquiterpene	FAMILY
CN102516213A	A	198	211	sesquiterpene	FAMILY
CN102516213A	A	26	39	sesquiterpene	FAMILY
CN102516213A	A	555	568	sesquiterpene	FAMILY
CN102516213A	A	677	690	sesquiterpene	FAMILY
CN102516213A	T	0	13	Sesquiterpene	FAMILY
CN102516263A	A	220	234	spirotricyclic	FAMILY
CN102516263A	A	25	39	spirotricyclic	FAMILY
CN102516263A	T	0	14	Spirotricyclic	FAMILY
CN102532037A	A	112	122	pyrimidine	FAMILY
CN102532037A	A	236	244	-CH2NHR4	FAMILY
CN102532037A	A	316	320	aryl	FAMILY
CN102532037A	A	48	58	pyrimidine	FAMILY
CN102532037A	A	673	683	pyrimidine	FAMILY
CN102532037A	T	6	16	pyrimidine	FAMILY
CN102532099A	A	161	169	androgen	FAMILY
CN102532099A	A	286	294	androgen	FAMILY
CN102532099A	A	92	101	hydantoin	FAMILY
CN102532099A	T	42	51	hydantoin	FAMILY
CN102532163A	A	37	44	N-oxide	FAMILY
CN102532163A	T	0	31	Macrocyclic 4-amino-quinazoline	FAMILY
CN102552137A	A	279	300	fat acid triglyceride	FAMILY
CN102552137A	A	318	339	fat acid triglyceride	FAMILY
CN102552250A	A	1018	1028	amino acid	FAMILY
CN102552250A	A	172	183	amino acids	FAMILY
CN102552250A	A	35	45	amino acid	FAMILY
CN102552250A	A	610	620	amino acid	FAMILY
CN102552250A	A	639	649	amino acid	FAMILY
CN102552250A	T	9	19	amino acid	FAMILY
CN102558128A	A	185	195	flavonoids	FAMILY
CN102574825A	A	21	32	cannabinoid	FAMILY
CN102574825A	T	0	9	Thiazoles	FAMILY
CN102574825A	T	13	24	cannabinoid	FAMILY
CN102579320A	A	388	396	Tween-80	FAMILY
CN102579320A	A	417	432	phosphatide E80	FAMILY
CN102579320A	A	453	467	poloxamer P188	FAMILY
CN102579462A	A	151	170	glycyrrhetinic acid	FAMILY
CN102579462A	A	349	368	glycyrrhetinic acid	FAMILY
CN102579462A	A	43	62	glycyrrhetinic acid	FAMILY
CN102579462A	A	663	668	ester	FAMILY
CN102579462A	A	710	729	glycyrrhetinic acid	FAMILY
CN102579462A	T	15	34	glycyrrhetinic acid	FAMILY
CN102584535A	A	1196	1211	sesquiterpenoid	FAMILY
CN102584535A	A	37	52	sesquiterpenoid	FAMILY
CN102584535A	A	719	734	sesquiterpenoid	FAMILY
CN102584535A	T	11	26	sesquiterpenoid	FAMILY
CN102584683A	A	105	113	alkylene	FAMILY
CN102584683A	A	117	125	alkyloxy	FAMILY
CN102584683A	A	92	103	C1-C5 alkyl	FAMILY
CN102584683A	T	13	19	Tempol	FAMILY
CN102600268A	A	496	504	alkaloid	FAMILY
CN102600268A	A	509	518	flavonoid	FAMILY
CN102600268A	A	585	593	alkaloid	FAMILY
CN102600268A	A	663	672	glucoside	FAMILY
CN102600268A	A	682	691	flavonoid	FAMILY
CN102600288A	A	502	516	polysorbate-80	FAMILY
CN102600441A	A	730	739	vitamin B	FAMILY
CN102600478A	A	172	185	cephalosporin	FAMILY
CN102600478A	A	296	309	cephalosporin	FAMILY
CN102600478A	A	435	455	HS-(CH2CH2O)n-CH2-RH	FAMILY
CN102600478A	A	525	545	HS-(CH2CH2O)n-CH2-RH	FAMILY
CN102600478A	A	57	70	cephalosporin	FAMILY
CN102600478A	A	617	630	cephalosporin	FAMILY
CN102600478A	A	833	846	cephalosporin	FAMILY
CN102600478A	T	33	46	cephalosporin	FAMILY
CN102603683A	A	305	313	aromatic	FAMILY
CN102603683A	A	342	391	2,4-dichlorphenyl, 4-chlorphenyl or 4-bromophenyl	FAMILY
CN102603683A	A	454	462	aromatic	FAMILY
CN102614114A	A	1223	1232	vitamin E	FAMILY
CN102614114A	A	1319	1328	vitamin E	FAMILY
CN102614114A	A	140	149	vitamin E	FAMILY
CN102614114A	A	241	250	vitamin E	FAMILY
CN102614114A	A	27	36	vitamin E	FAMILY
CN102614114A	A	309	318	vitamin E	FAMILY
CN102614114A	A	422	431	vitamin E	FAMILY
CN102614114A	A	479	488	vitamin E	FAMILY
CN102614114A	A	817	831	polysorbate 80	FAMILY
CN102614114A	A	884	898	polysorbate 80	FAMILY
CN102614114A	A	987	996	vitamin E	FAMILY
CN102614114A	T	0	9	Vitamin E	FAMILY
CN102614182A	A	380	405	phosphatidyl ethanolamine	FAMILY
CN102614216A	A	305	313	estrogen	FAMILY
CN102614232A	A	600	607	flavone	FAMILY
CN102617613A	A	291	295	Assb	FAMILY
CN102617613A	A	299	344	2-aminothiazole salicylaldehyde Schiff alkali	FAMILY
CN102617613A	A	448	460	heterocyclic	FAMILY
CN102617613A	A	90	102	heterocyclic	FAMILY
CN102617613A	T	64	76	heterocyclic	FAMILY
CN102617672A	A	386	395	flavonoid	FAMILY
CN102617672A	A	69	90	flavonoid glycoside A	FAMILY
CN102617672A	A	806	827	flavonoid glycoside A	FAMILY
CN102617672A	T	21	40	flavonoid glycoside	FAMILY
CN102626397A	A	411	432	polyvinyl pyrrolidone	FAMILY
CN102626399A	A	494	506	calcium ions	FAMILY
CN102626414A	A	237	254	hydrofluoroalkane	FAMILY
CN102626414A	A	332	343	hydrocarbon	FAMILY
CN102633899A	A	536	543	alcohol	FAMILY
CN102641238A	A	357	365	tween-80	FAMILY
CN102643186A	A	25	44	anthraquinone dimer	FAMILY
CN102643186A	A	739	758	anthraquinone dimer	FAMILY
CN102643186A	A	810	830	anthraquinone dimmer	FAMILY
CN102643186A	T	0	19	Anthraquinone dimer	FAMILY
CN102649773A	A	210	236	amino aromatic hydrocarbon	FAMILY
CN102649773A	A	28	54	amino aromatic hydrocarbon	FAMILY
CN102649773A	A	310	336	amino aromatic hydrocarbon	FAMILY
CN102649773A	T	0	26	Amino aromatic hydrocarbon	FAMILY
CN102652750A	A	306	311	ester	FAMILY
CN102652792A	A	1045	1052	saponin	FAMILY
CN102652792A	A	112	119	saponin	FAMILY
CN102652792A	A	942	949	alcohol	FAMILY
CN102652792A	T	107	114	saponin	FAMILY
CN102653522A	A	197	239	omega-carboxy-substituted diphenylthiourea	FAMILY
CN102653522A	A	25	67	omega-carboxy-substituted diphenylthiourea	FAMILY
CN102653522A	A	352	394	omega-carboxy-substituted diphenylthiourea	FAMILY
CN102653522A	A	452	494	omega-carboxy-substituted diphenylthiourea	FAMILY
CN102653522A	A	622	664	omega-carboxy-substituted diphenylthiourea	FAMILY
CN102653522A	T	0	42	Omega-carboxy-substituted diphenylthiourea	FAMILY
CN102656179A	A	27	34	bufalin	FAMILY
CN102656179A	T	0	7	Bufalin	FAMILY
CN102657653A	A	228	236	alkaloid	FAMILY
CN102670546A	A	116	124	povidone	FAMILY
CN102670604A	A	219	224	ester	FAMILY
CN102675099A	A	1012	1020	halogens	FAMILY
CN102675099A	A	1047	1058	C1-C6 alkyl	FAMILY
CN102675099A	A	315	319	COR1	FAMILY
CN102675099A	A	332	336	COR2	FAMILY
CN102675099A	A	349	353	COR3	FAMILY
CN102675099A	A	493	504	C1-C6 alkyl	FAMILY
CN102675099A	A	622	632	heteroatom	FAMILY
CN102675099A	A	639	644	S(O)n	FAMILY
CN102675099A	A	649	652	NR9	FAMILY
CN102675099A	A	668	671	OR5	FAMILY
CN102675099A	A	673	678	NR6R7	FAMILY
CN102675099A	A	682	689	S(O)nR8	FAMILY
CN102675099A	A	776	787	C1-C6 alkyl	FAMILY
CN102675099A	A	820	825	NR6R7	FAMILY
CN102675099A	A	841	864	C4-C6 heterocycle alkyl	FAMILY
CN102675099A	A	878	888	heteroatom	FAMILY
CN102675099A	A	895	898	NR9	FAMILY
CN102675099A	A	903	908	S(O)n	FAMILY
CN102675099A	A	934	945	C1-C6 alkyl	FAMILY
CN102675099A	A	953	964	C1-C4 alkyl	FAMILY
CN102675252A	A	149	161	diterpenoids	FAMILY
CN102675252A	A	374	386	diterpenoids	FAMILY
CN102675252A	A	44	56	diterpenoids	FAMILY
CN102675252A	T	14	26	diterpenoids	FAMILY
CN102688220A	A	536	556	12-carbon fatty acid	FAMILY
CN102688220A	A	557	577	18-carbon fatty acid	FAMILY
CN102688225A	A	190	196	lysine	FAMILY
CN102697795A	A	335	364	Poly(Lactic-Co-Glycolic Acid)	FAMILY
CN102698285A	A	125	144	polyethylene glycol	FAMILY
CN102702582A	A	193	198	sugar	FAMILY
CN102702582A	A	478	483	sugar	FAMILY
CN102712622A	A	273	282	C1-3alkyl	FAMILY
CN102712622A	A	287	297	C1-3alkoxy	FAMILY
CN102712622A	T	0	6	Indole	FAMILY
CN102716098A	A	232	258	polyoxyethylene alkylamine	FAMILY
CN102716122A	A	117	132	andrographolide	FAMILY
CN102716122A	T	15	64	15-benzal-14-deoxy-11, 12-dehydro-andrographolide	FAMILY
CN102716135A	A	665	670	sugar	FAMILY
CN102716486A	A	502	518	poly lactic acid	FAMILY
CN102716486A	A	522	539	polyglycolic acid	FAMILY
CN102716486A	A	572	592	ethene acetate ethyl	FAMILY
CN102716486A	A	609	621	polifeprosan	FAMILY
CN102727426A	A	328	359	polyethylene glycol-7 stearates	FAMILY
CN102731301A	T	0	12	Thymol ester	FAMILY
CN102731365A	A	331	338	alcohol	FAMILY
CN102731365A	A	449	456	alcohol	FAMILY
CN102731418A	A	23	64	1-substituted-1H-1,2,4-triazole-formamide	FAMILY
CN102731418A	A	338	361	aromatic (heterocyclic)	FAMILY
CN102731418A	A	512	555	1-substituted-1H-1,2,4-triazole-5-formamide	FAMILY
CN102731418A	A	556	599	1-substituted-1H-1,2,4-triazole-3-formamide	FAMILY
CN102731418A	T	0	41	1-substituted-1H-1,2,4-triazole-formamide	FAMILY
CN102731493A	A	61	87	benzothiazole heterocyclic	FAMILY
CN102731493A	T	31	57	benzothiazole heterocyclic	FAMILY
CN102731561A	A	1044	1054	dibutyltin	FAMILY
CN102731561A	A	144	154	dibutyltin	FAMILY
CN102731561A	A	208	218	dibutyltin	FAMILY
CN102731561A	A	26	36	dibutyltin	FAMILY
CN102731561A	A	421	442	dibutyltin dichloride	FAMILY
CN102731561A	A	734	744	dibutyltin	FAMILY
CN102731561A	A	874	884	dibutyltin	FAMILY
CN102731561A	A	88	98	dibutyltin	FAMILY
CN102731561A	T	108	117	ibutyltin	FAMILY
CN102731561A	T	56	66	dibutyltin	FAMILY
CN102743336A	A	204	219	oligosaccharide	FAMILY
CN102743336A	A	355	370	oligosaccharide	FAMILY
CN102743336A	A	473	488	oligosaccharide	FAMILY
CN102746220A	A	39	56	pyridine alkaloid	FAMILY
CN102746220A	T	6	24	pyridine alkaloids	FAMILY
CN102746220A	T	75	93	pyridine alkaloids	FAMILY
CN102746278A	A	242	264	N-heterocyclic diamide	FAMILY
CN102746278A	A	796	818	N-heterocyclic diamide	FAMILY
CN102746278A	A	822	847	monoamido carboxylic acid	FAMILY
CN102746278A	A	854	871	dicarboxylic acid	FAMILY
CN102764271A	A	452	460	silicone	FAMILY
CN102766109A	A	109	120	-thioketone	FAMILY
CN102766109A	A	135	141	oxides	FAMILY
CN102766109A	A	514	522	halogens	FAMILY
CN102766109A	A	628	635	halogen	FAMILY
CN102766109A	A	79	108	2,3-diaryl thiazolidine-4-one	FAMILY
CN102766109A	T	0	29	2,3-diaryl thiazolidine-4-one	FAMILY
CN102766109A	T	30	41	-thioketone	FAMILY
CN102766109A	T	53	59	oxides	FAMILY
CN102766186A	A	870	875	sugar	FAMILY
CN102784108A	A	723	737	alkaline metal	FAMILY
CN102784108A	A	742	762	alkaline earth metal	FAMILY
CN102784153A	A	234	243	vitamin A	FAMILY
CN102784153A	A	245	254	vitamin D	FAMILY
CN102784153A	A	256	265	vitamin E	FAMILY
CN102786576A	A	36	46	triptolide	FAMILY
CN102786576A	A	390	398	aromatic	FAMILY
CN102786576A	T	0	10	Triptolide	FAMILY
CN102793729A	A	511	520	polyamide	FAMILY
CN102796040A	A	172	200	1,4-disubstituted piperazine	FAMILY
CN102796040A	A	408	436	1,4-disubstituted piperazine	FAMILY
CN102796040A	A	494	522	1,4-disubstituted piperazine	FAMILY
CN102796040A	A	633	661	1,4-disubstituted piperazine	FAMILY
CN102796040A	A	80	108	1,4-disubstituted piperazine	FAMILY
CN102796040A	T	0	28	1,4-disubstituted piperazine	FAMILY
CN102796080A	A	245	250	alkyl	FAMILY
CN102796080A	A	252	259	halogen	FAMILY
CN102796080A	A	291	297	alkoxy	FAMILY
CN102796080A	A	31	36	azole	FAMILY
CN102796080A	A	446	451	alkyl	FAMILY
CN102796080A	A	481	488	halogen	FAMILY
CN102796080A	A	593	598	alkyl	FAMILY
CN102796080A	A	603	615	cyclic amino	FAMILY
CN102796080A	A	625	631	alkoxy	FAMILY
CN102796080A	A	75	80	azole	FAMILY
CN102796080A	A	915	920	azole	FAMILY
CN102796080A	T	6	11	azole	FAMILY
CN102796100A	A	240	248	C1 to C6	FAMILY
CN102796100A	A	282	287	alkyl	FAMILY
CN102796100A	A	315	323	halogens	FAMILY
CN102796100A	A	355	363	C1 to C6	FAMILY
CN102796100A	A	397	402	alkyl	FAMILY
CN102796100A	A	404	411	halogen	FAMILY
CN102796100A	A	440	448	C1 to C6	FAMILY
CN102796100A	A	482	488	alkoxy	FAMILY
CN102796100A	A	520	528	C1 to C6	FAMILY
CN102796100A	A	562	567	alkyl	FAMILY
CN102796100A	A	572	580	C1 to C6	FAMILY
CN102796100A	A	614	623	alkylacyl	FAMILY
CN102796100A	A	81	121	substituted phenyl-(diazaspiro-N)-ketone	FAMILY
CN102796100A	T	0	40	Substituted phenyl-(diazaspiro-N)-ketone	FAMILY
CN102796109A	A	266	278	heterocyclic	FAMILY
CN102796235A	A	244	277	ploy-N-methylacryloyl succinimide	FAMILY
CN102796235A	A	279	283	PNAS	FAMILY
CN102796235A	A	972	976	PNAS	FAMILY
CN102796645A	A	302	307	sugar	FAMILY
CN102803263A	T	0	6	Purine	FAMILY
CN102805729A	A	198	217	polyethylene glycol	FAMILY
CN102805729A	A	318	337	polyethylene glycol	FAMILY
CN102805770A	A	311	320	vitamin E	FAMILY
CN102807566A	A	175	214	1,7-diaryl-1,6-trans-diene-3,5-diketone	FAMILY
CN102807566A	A	250	289	1,7-diaryl-1,6-trans-diene-3,5-diketone	FAMILY
CN102807566A	A	26	65	1,7-diaryl-1,6-trans-diene-3,5-diketone	FAMILY
CN102807566A	A	386	425	1,7-diaryl-1,6-trans-diene-3,5-diketone	FAMILY
CN102807566A	T	0	39	1,7-diaryl-1,6-trans-diene-3,5-diketone	FAMILY
CN102824386A	A	129	137	saponins	FAMILY
CN102824386A	A	237	245	saponins	FAMILY
CN102824386A	A	500	508	saponins	FAMILY
CN102824386A	A	637	645	saponins	FAMILY
CN102824386A	A	68	76	saponins	FAMILY
CN102824386A	A	836	844	saponins	FAMILY
CN102824386A	T	41	49	saponins	FAMILY
CN102827172A	A	211	228	aromatic aldehyde	FAMILY
CN102827172A	A	24	45	pyrano[2,3-c]pyrazole	FAMILY
CN102827172A	A	289	306	aromatic aldehyde	FAMILY
CN102827172A	A	332	349	aromatic aldehyde	FAMILY
CN102827172A	T	0	21	Pyrano[2,3-c]pyrazole	FAMILY
CN102834096A	A	111	128	polyvinyl alcohol	FAMILY
CN102836125A	A	350	355	amide	FAMILY
CN102836125A	A	544	549	ester	FAMILY
CN102836125A	A	555	560	amide	FAMILY
CN102836147A	A	182	201	polyethylene glycol	FAMILY
CN102836147A	A	202	229	poly trimethylene carbonate	FAMILY
CN102836147A	A	231	234	PEG	FAMILY
CN102836147A	A	235	239	PTMC	FAMILY
CN102836147A	A	341	344	PEG	FAMILY
CN102836147A	A	345	349	PTMC	FAMILY
CN102836147A	A	423	427	PTMC	FAMILY
CN102836147A	A	518	521	PEG	FAMILY
CN102836147A	A	522	526	PTMC	FAMILY
CN102836147A	A	548	551	PEG	FAMILY
CN102851295A	A	129	144	oligonucleotide	FAMILY
CN102851295A	A	240	255	oligonucleotide	FAMILY
CN102851295A	A	57	72	oligonucleotide	FAMILY
